ID,Vsqmin,Vsqmax,Root,G,B,Qmin,Qmax
10060000,0.902502,1.102508,0,0,0,0,0
10060001,0.902502,1.102508,0,0,0,0,0
10060002,0.902502,1.102508,0,0,0,0,0
10060003,0.902502,1.102508,0,0,0,0,0
10060004,0.902502,1.102508,0,0,0,0,0
10060005,0.902502,1.102508,0,0,0,0,0
10060006,0.902502,1.102508,0,0,0,0,0
10060007,0.902502,1.102508,0,0,0,0,0
10060008,0.902502,1.102508,0,0,0,0,0
10060009,0.902502,1.102508,0,0,0,0,0
10060010,0.902502,1.102508,0,0,0,0,0
10060011,0.902502,1.102508,0,0,0,0,0
10060012,0.902502,1.102508,0,0,0,0,0
10060013,0.902502,1.102508,0,0,0,0,0
10060014,0.902502,1.102508,0,0,0,0,0
10060015,0.902502,1.102508,0,0,0,0,0
10060016,0.902502,1.102508,0,0,0,0,0
10060017,0.902502,1.102508,0,0,0,0,0
10060018,0.902502,1.102508,0,0,0,0,0
10060019,0.902502,1.102508,0,0,0,0,0
10060020,0.902502,1.102508,0,0,0,0,0
10060021,0.902502,1.102508,0,0,0,0,0
10060022,0.902502,1.102508,0,0,0,0,0
10060023,0.902502,1.102508,0,0,0,0,0
10060024,0.902502,1.102508,0,0,0,0,0
10060025,0.902502,1.102508,0,0,0,0,0
10060026,0.902502,1.102508,0,0,0,0,0
10060027,0.902502,1.102508,0,0,0,0,0
10060028,0.902502,1.102508,0,0,0,0,0
10060029,0.902502,1.102508,0,0,0,0,0
10060030,0.902502,1.102508,0,0,0,0,0
10060031,0.902502,1.102508,0,0,0,0,0
10060032,0.902502,1.102508,0,0,0,0,0
10060033,0.902502,1.102508,0,0,0,0,0
10060034,0.902502,1.102508,0,0,0,0,0
10060035,0.902502,1.102508,0,0,0,0,0
10060036,0.902502,1.102508,0,0,0,0,0
10060037,0.902502,1.102508,0,0,0,0,0
10060038,0.902502,1.102508,0,0,0,0,0
10060039,0.902502,1.102508,0,0,0,0,0
10060040,0.902502,1.102508,0,0,0,0,0
10060041,0.902502,1.102508,0,0,0,0,0
10060042,0.902502,1.102508,0,0,0,0,0
10060043,0.902502,1.102508,0,0,0,0,0
10060044,0.902502,1.102508,0,0,0,0,0
10060045,0.902502,1.102508,0,0,0,0,0
10060046,0.902502,1.102508,0,0,0,0,0
10060047,0.902502,1.102508,0,0,0,0,0
10060048,0.902502,1.102508,0,0,0,0,0
10060049,0.902502,1.102508,0,0,0,0,0
10060050,0.902502,1.102508,0,0,0,0,0
10060051,0.902502,1.102508,0,0,0,0,0
10060052,0.902502,1.102508,0,0,0,0,0
10060053,0.902502,1.102508,0,0,0,0,0
10060054,0.902502,1.102508,0,0,0,0,0
10060055,0.902502,1.102508,0,0,0,0,0
10060056,0.902502,1.102508,0,0,0,0,0
10060057,0.902502,1.102508,0,0,0,0,0
10060058,0.902502,1.102508,0,0,0,0,0
10060059,0.902502,1.102508,0,0,0,0,0
10060060,0.902502,1.102508,0,0,0,0,0
10060061,0.902502,1.102508,0,0,0,0,0
10060062,0.902502,1.102508,0,0,0,0,0
10060063,0.902502,1.102508,0,0,0,0,0
10060064,0.902502,1.102508,0,0,0,0,0
10060065,0.902502,1.102508,0,0,0,0,0
10060066,0.902502,1.102508,0,0,0,0,0
10060067,0.902502,1.102508,0,0,0,0,0
10060068,0.902502,1.102508,0,0,0,0,0
10060069,0.902502,1.102508,0,0,0,0,0
10060070,0.902502,1.102508,0,0,0,0,0
10060071,0.902502,1.102508,0,0,0,0,0
10060072,0.902502,1.102508,0,0,0,0,0
10060073,0.902502,1.102508,0,0,0,0,0
10060074,0.902502,1.102508,0,0,0,0,0
10060075,0.902502,1.102508,0,0,0,0,0
10060076,0.902502,1.102508,0,0,0,0,0
10060077,0.902502,1.102508,0,0,0,0,0
10060078,0.902502,1.102508,0,0,0,0,0
10100000,0.902494,1.102494,0,0,0,0,0
10100001,0.902494,1.102494,0,0,0,0,0
10100002,0.902494,1.102494,0,0,0,0,0
10100003,0.902494,1.102494,0,0,0,0,0
10100004,0.902494,1.102494,0,0,0,0,0
10100005,0.902494,1.102494,0,0,0,0,0
10100006,0.902494,1.102494,0,0,0,0,0
10100007,0.902494,1.102494,0,0,0,0,0
10100008,0.902494,1.102494,0,0,0,0,0
10100009,0.902494,1.102494,0,0,0,0,0
10100010,0.902494,1.102494,0,0,0,0,0
10100011,0.902494,1.102494,0,0,0,0,0
10100012,0.902494,1.102494,0,0,0,0,0
10100013,0.902494,1.102494,0,0,0,0,0
10100014,0.902494,1.102494,0,0,0,0,0
10100015,0.902494,1.102494,0,0,0,0,0
10100016,0.902494,1.102494,0,0,0,0,0
10100017,0.902494,1.102494,0,0,0,0,0
10100018,0.902494,1.102494,0,0,0,0,0
10100019,0.902494,1.102494,0,0,0,0,0
10100020,0.902494,1.102494,0,0,0,0,0
10100021,0.902494,1.102494,0,0,0,0,0
10100022,0.902494,1.102494,0,0,0,0,0
10100023,0.902494,1.102494,0,0,0,0,0
10100024,0.902494,1.102494,0,0,0,0,0
10100025,0.902494,1.102494,0,0,0,0,0
10100026,0.902494,1.102494,0,0,0,0,0
10100027,0.902494,1.102494,0,0,0,0,0
10100028,0.902494,1.102494,0,0,0,0,0
10100029,0.902494,1.102494,0,0,0,0,0
10100030,0.902494,1.102494,0,0,0,0,0
10100031,0.902494,1.102494,0,0,0,0,0
10100032,0.902494,1.102494,0,0,0,0,0
10100033,0.902494,1.102494,0,0,0,0,0
10100034,0.902494,1.102494,0,0,0,0,0
10100035,0.902494,1.102494,0,0,0,0,0
10100036,0.902494,1.102494,0,0,0,0,0
10100037,0.902494,1.102494,0,0,0,0,0
10100038,0.902494,1.102494,0,0,0,0,0
10120000,0.902502,1.102508,0,0,0,0,0
10120001,0.902502,1.102508,0,0,0,0,0
10120002,0.902502,1.102508,0,0,0,0,0
10120003,0.902502,1.102508,0,0,0,0,0
10120004,0.902502,1.102508,0,0,0,0,0
10120005,0.902502,1.102508,0,0,0,0,0
10120006,0.902502,1.102508,0,0,0,0,0
10120007,0.902502,1.102508,0,0,0,0,0
10120008,0.902502,1.102508,0,0,0,0,0
10120009,0.902502,1.102508,0,0,0,0,0
10120010,0.902502,1.102508,0,0,0,0,0
10120011,0.902502,1.102508,0,0,0,0,0
10120012,0.902502,1.102508,0,0,0,0,0
10120013,0.902502,1.102508,0,0,0,0,0
10120014,0.902502,1.102508,0,0,0,0,0
10120015,0.902502,1.102508,0,0,0,0,0
10120016,0.902502,1.102508,0,0,0,0,0
10120017,0.902502,1.102508,0,0,0,0,0
10120018,0.902502,1.102508,0,0,0,0,0
10120019,0.902502,1.102508,0,0,0,0,0
10120020,0.902502,1.102508,0,0,0,0,0
10120021,0.902502,1.102508,0,0,0,0,0
10120022,0.902502,1.102508,0,0,0,0,0
10120023,0.902502,1.102508,0,0,0,0,0
10120024,0.902502,1.102508,0,0,0,0,0
10120025,0.902502,1.102508,0,0,0,0,0
10120026,0.902502,1.102508,0,0,0,0,0
10120027,0.902502,1.102508,0,0,0,0,0
10120028,0.902502,1.102508,0,0,0,0,0
10120029,0.902502,1.102508,0,0,0,0,0
10120030,0.902502,1.102508,0,0,0,0,0
10120031,0.902502,1.102508,0,0,0,0,0
10120032,0.902502,1.102508,0,0,0,0,0
10120033,0.902502,1.102508,0,0,0,0,0
10120034,0.902502,1.102508,0,0,0,0,0
10120035,0.902502,1.102508,0,0,0,0,0
10120036,0.902502,1.102508,0,0,0,0,0
10120037,0.902502,1.102508,0,0,0,0,0
10120038,0.902502,1.102508,0,0,0,0,0
10120039,0.902502,1.102508,0,0,0,0,0
10120040,0.902502,1.102508,0,0,0,0,0
10120041,0.902502,1.102508,0,0,0,0,0
10120042,0.902502,1.102508,0,0,0,0,0
10120043,0.902502,1.102508,0,0,0,0,0
10120044,0.902502,1.102508,0,0,0,0,0
10120045,0.902502,1.102508,0,0,0,0,0
10120046,0.902502,1.102508,0,0,0,0,0
10120047,0.902502,1.102508,0,0,0,0,0
10120048,0.902502,1.102508,0,0,0,0,0
10120049,0.902502,1.102508,0,0,0,0,0
10120050,0.902502,1.102508,0,0,0,0,0
10120051,0.902502,1.102508,0,0,0,0,0
10120052,0.902502,1.102508,0,0,0,0,0
10120053,0.902502,1.102508,0,0,0,0,0
10120054,0.902502,1.102508,0,0,0,0,0
10120055,0.902502,1.102508,0,0,0,0,0
10120056,0.902502,1.102508,0,0,0,0,0
10120057,0.902502,1.102508,0,0,0,0,0
10120058,0.902502,1.102508,0,0,0,0,0
10120059,0.902502,1.102508,0,0,0,0,0
10120060,0.902502,1.102508,0,0,0,0,0
10120061,0.902502,1.102508,0,0,0,0,0
10120062,0.902502,1.102508,0,0,0,0,0
10120063,0.902502,1.102508,0,0,0,0,0
10150000,0.9025,1.1025,0,0,0,0,0
10150001,0.9025,1.1025,0,0,0,0,0
10150002,0.9025,1.1025,0,0,0,0,0
10150003,0.9025,1.1025,0,0,0,0,0
10150004,0.9025,1.1025,0,0,0,0,0
10150005,0.9025,1.1025,0,0,0,0,0
10150006,0.9025,1.1025,0,0,0,0,0
10150007,0.9025,1.1025,0,0,0,0,0
10150008,0.9025,1.1025,0,0,0,0,0
10150009,0.9025,1.1025,0,0,0,0,0
10150010,0.9025,1.1025,0,0,0,0,0
10150011,0.9025,1.1025,0,0,0,0,0
10150012,0.9025,1.1025,0,0,0,0,0
10150013,0.9025,1.1025,0,0,0,0,0
10150014,0.9025,1.1025,0,0,0,0,0
10150015,0.9025,1.1025,0,0,0,0,0
10150016,0.9025,1.1025,0,0,0,0,0
10150017,0.9025,1.1025,0,0,0,0,0
10150018,0.9025,1.1025,0,0,0,0,0
10150019,0.9025,1.1025,0,0,0,0,0
10150020,0.9025,1.1025,0,0,0,0,0
10150021,0.9025,1.1025,0,0,0,0,0
10150022,0.9025,1.1025,0,0,0,0,0
10150023,0.9025,1.1025,0,0,0,0,0
10150024,0.9025,1.1025,0,0,0,0,0
10150025,0.9025,1.1025,0,0,0,0,0
10200000,0.9025,1.1025,0,0,0,0,0
10200001,0.9025,1.1025,0,0,0,0,0
10200002,0.9025,1.1025,0,0,0,0,0
10200003,0.9025,1.1025,0,0,0,0,0
10200004,0.9025,1.1025,0,0,0,0,0
10200005,0.9025,1.1025,0,0,0,0,0
10200006,0.9025,1.1025,0,0,0,0,0
10200007,0.9025,1.1025,0,0,0,0,0
10200008,0.9025,1.1025,0,0,0,0,0
10200009,0.9025,1.1025,0,0,0,0,0
10200010,0.9025,1.1025,0,0,0,0,0
10200011,0.9025,1.1025,0,0,0,0,0
10200012,0.9025,1.1025,0,0,0,0,0
10200013,0.9025,1.1025,0,0,0,0,0
10200014,0.9025,1.1025,0,0,0,0,0
10200015,0.9025,1.1025,0,0,0,0,0
10200016,0.9025,1.1025,0,0,0,0,0
10200017,0.9025,1.1025,0,0,0,0,0
10200018,0.9025,1.1025,0,0,0,0,0
10200019,0.9025,1.1025,0,0,0,0,0
10200020,0.9025,1.1025,0,0,0,0,0
10200021,0.9025,1.1025,0,0,0,0,0
10200022,0.9025,1.1025,0,0,0,0,0
10220000,0.902502,1.102508,0,0,0,0,0
10220001,0.902502,1.102508,0,0,0,0,0
10220002,0.902502,1.102508,0,0,0,0,0
10220003,0.902502,1.102508,0,0,0,0,0
10220004,0.902502,1.102508,0,0,0,0,0
10220005,0.902502,1.102508,0,0,0,0,0
10220006,0.902502,1.102508,0,0,0,0,0
10220007,0.902502,1.102508,0,0,0,0,0
10220008,0.902502,1.102508,0,0,0,0,0
10220009,0.902502,1.102508,0,0,0,0,0
10220010,0.902502,1.102508,0,0,0,0,0
10220011,0.902502,1.102508,0,0,0,0,0
10220012,0.902502,1.102508,0,0,0,0,0
10220013,0.902502,1.102508,0,0,0,0,0
10220014,0.902502,1.102508,0,0,0,0,0
10220015,0.902502,1.102508,0,0,0,0,0
10220016,0.902502,1.102508,0,0,0,0,0
10220017,0.902502,1.102508,0,0,0,0,0
10220018,0.902502,1.102508,0,0,0,0,0
10220019,0.902502,1.102508,0,0,0,0,0
10220020,0.902502,1.102508,0,0,0,0,0
10220021,0.902502,1.102508,0,0,0,0,0
10220022,0.902502,1.102508,0,0,0,0,0
10220023,0.902502,1.102508,0,0,0,0,0
10220024,0.902502,1.102508,0,0,0,0,0
10220025,0.902502,1.102508,0,0,0,0,0
10220026,0.902502,1.102508,0,0,0,0,0
10220027,0.902502,1.102508,0,0,0,0,0
10220028,0.902502,1.102508,0,0,0,0,0
10240000,0.9025,1.1025,0,0,0,0,0
10240001,0.9025,1.1025,0,0,0,0,0
10240002,0.9025,1.1025,0,0,0,0,0
10240003,0.9025,1.1025,0,0,0,0,0
10240004,0.9025,1.1025,0,0,0,0,0
10240005,0.9025,1.1025,0,0,0,0,0
10240006,0.9025,1.1025,0,0,0,0,0
10240007,0.9025,1.1025,0,0,0,0,0
10240008,0.9025,1.1025,0,0,0,0,0
10240009,0.9025,1.1025,0,0,0,0,0
10240010,0.9025,1.1025,0,0,0,0,0
10240011,0.9025,1.1025,0,0,0,0,0
10240012,0.9025,1.1025,0,0,0,0,0
10240013,0.9025,1.1025,0,0,0,0,0
10240014,0.9025,1.1025,0,0,0,0,0
10240015,0.9025,1.1025,0,0,0,0,0
10240016,0.9025,1.1025,0,0,0,0,0
10240017,0.9025,1.1025,0,0,0,0,0
10240018,0.9025,1.1025,0,0,0,0,0
10240019,0.9025,1.1025,0,0,0,0,0
10240020,0.9025,1.1025,0,0,0,0,0
10240021,0.9025,1.1025,0,0,0,0,0
10240022,0.9025,1.1025,0,0,0,0,0
10280000,0.902494,1.102494,0,0,0,0,0
10280001,0.902494,1.102494,0,0,0,0,0
10280002,0.902494,1.102494,0,0,0,0,0
10280003,0.902494,1.102494,0,0,0,0,0
10280004,0.902494,1.102494,0,0,0,0,0
10280005,0.902494,1.102494,0,0,0,0,0
10280006,0.902494,1.102494,0,0,0,0,0
10280007,0.902494,1.102494,0,0,0,0,0
10280008,0.902494,1.102494,0,0,0,0,0
10280009,0.902494,1.102494,0,0,0,0,0
10280010,0.902494,1.102494,0,0,0,0,0
10280011,0.902494,1.102494,0,0,0,0,0
10280012,0.902494,1.102494,0,0,0,0,0
10280013,0.902494,1.102494,0,0,0,0,0
10280014,0.902494,1.102494,0,0,0,0,0
10280015,0.902494,1.102494,0,0,0,0,0
10280016,0.902494,1.102494,0,0,0,0,0
10280017,0.902494,1.102494,0,0,0,0,0
10280018,0.902494,1.102494,0,0,0,0,0
10280019,0.902494,1.102494,0,0,0,0,0
10280020,0.902494,1.102494,0,0,0,0,0
10280021,0.902494,1.102494,0,0,0,0,0
10280022,0.902494,1.102494,0,0,0,0,0
10280023,0.902494,1.102494,0,0,0,0,0
10280024,0.902494,1.102494,0,0,0,0,0
10280025,0.902494,1.102494,0,0,0,0,0
10280026,0.902494,1.102494,0,0,0,0,0
10340000,0.902494,1.102494,0,0,0,0,0
10340001,0.902494,1.102494,0,0,0,0,0
10340002,0.902494,1.102494,0,0,0,0,0
10340003,0.902494,1.102494,0,0,0,0,0
10340004,0.902494,1.102494,0,0,0,0,0
10340005,0.902494,1.102494,0,0,0,0,0
10340006,0.902494,1.102494,0,0,0,0,0
10340007,0.902494,1.102494,0,0,0,0,0
10340008,0.902494,1.102494,0,0,0,0,0
10340009,0.902494,1.102494,0,0,0,0,0
10340010,0.902494,1.102494,0,0,0,0,0
10340011,0.902494,1.102494,0,0,0,0,0
10340012,0.902494,1.102494,0,0,0,0,0
10340013,0.902494,1.102494,0,0,0,0,0
10340014,0.902494,1.102494,0,0,0,0,0
10340015,0.902494,1.102494,0,0,0,0,0
10340016,0.902494,1.102494,0,0,0,0,0
10340017,0.902494,1.102494,0,0,0,0,0
10340018,0.902494,1.102494,0,0,0,0,0
10340019,0.902494,1.102494,0,0,0,0,0
10340020,0.902494,1.102494,0,0,0,0,0
10340021,0.902494,1.102494,0,0,0,0,0
10340022,0.902494,1.102494,0,0,0,0,0
10340023,0.902494,1.102494,0,0,0,0,0
10340024,0.902494,1.102494,0,0,0,0,0
10340025,0.902494,1.102494,0,0,0,0,0
10340026,0.902494,1.102494,0,0,0,0,0
10340027,0.902494,1.102494,0,0,0,0,0
10340028,0.902494,1.102494,0,0,0,0,0
10340029,0.902494,1.102494,0,0,0,0,0
10340030,0.902494,1.102494,0,0,0,0,0
10340031,0.902494,1.102494,0,0,0,0,0
10340032,0.902494,1.102494,0,0,0,0,0
10340033,0.902494,1.102494,0,0,0,0,0
10340034,0.902494,1.102494,0,0,0,0,0
10340035,0.902494,1.102494,0,0,0,0,0
10340036,0.902494,1.102494,0,0,0,0,0
10340037,0.902494,1.102494,0,0,0,0,0
10340038,0.902494,1.102494,0,0,0,0,0
10340039,0.902494,1.102494,0,0,0,0,0
10340040,0.902494,1.102494,0,0,0,0,0
10340041,0.902494,1.102494,0,0,0,0,0
10340042,0.902494,1.102494,0,0,0,0,0
10340043,0.902494,1.102494,0,0,0,0,0
10340044,0.902494,1.102494,0,0,0,0,0
10340045,0.902494,1.102494,0,0,0,0,0
10340046,0.902494,1.102494,0,0,0,0,0
10340047,0.902494,1.102494,0,0,0,0,0
10340048,0.902494,1.102494,0,0,0,0,0
10340049,0.902494,1.102494,0,0,0,0,0
10340050,0.902494,1.102494,0,0,0,0,0
10340051,0.902494,1.102494,0,0,0,0,0
10340052,0.902494,1.102494,0,0,0,0,0
10340053,0.902494,1.102494,0,0,0,0,0
10340054,0.902494,1.102494,0,0,0,0,0
10340055,0.902494,1.102494,0,0,0,0,0
10340056,0.902494,1.102494,0,0,0,0,0
10340057,0.902494,1.102494,0,0,0,0,0
10340058,0.902494,1.102494,0,0,0,0,0
10340059,0.902494,1.102494,0,0,0,0,0
10340060,0.902494,1.102494,0,0,0,0,0
10340061,0.902494,1.102494,0,0,0,0,0
10340062,0.902494,1.102494,0,0,0,0,0
10340063,0.902494,1.102494,0,0,0,0,0
10340064,0.902494,1.102494,0,0,0,0,0
10340065,0.902494,1.102494,0,0,0,0,0
10340066,0.902494,1.102494,0,0,0,0,0
10340067,0.902494,1.102494,0,0,0,0,0
10340068,0.902494,1.102494,0,0,0,0,0
10340069,0.902494,1.102494,0,0,0,0,0
10340070,0.902494,1.102494,0,0,0,0,0
10340071,0.902494,1.102494,0,0,0,0,0
10340072,0.902494,1.102494,0,0,0,0,0
10340073,0.902494,1.102494,0,0,0,0,0
10340074,0.902494,1.102494,0,0,0,0,0
10340075,0.902494,1.102494,0,0,0,0,0
10340076,0.902494,1.102494,0,0,0,0,0
10340077,0.902494,1.102494,0,0,0,0,0
10340078,0.902494,1.102494,0,0,0,0,0
10340079,0.902494,1.102494,0,0,0,0,0
10340080,0.902494,1.102494,0,0,0,0,0
10340081,0.902494,1.102494,0,0,0,0,0
10340082,0.902494,1.102494,0,0,0,0,0
10340083,0.902494,1.102494,0,0,0,0,0
10410000,0.9025,1.1025,0,0,0,0,0
10410001,0.9025,1.1025,0,0,0,0,0
10410002,0.9025,1.1025,0,0,0,0,0
10410003,0.9025,1.1025,0,0,0,0,0
10410004,0.9025,1.1025,0,0,0,0,0
10410005,0.9025,1.1025,0,0,0,0,0
10410006,0.9025,1.1025,0,0,0,0,0
10410007,0.9025,1.1025,0,0,0,0,0
10410008,0.9025,1.1025,0,0,0,0,0
10410009,0.9025,1.1025,0,0,0,0,0
10410010,0.9025,1.1025,0,0,0,0,0
10410011,0.9025,1.1025,0,0,0,0,0
10410012,0.9025,1.1025,0,0,0,0,0
10410013,0.9025,1.1025,0,0,0,0,0
10410014,0.9025,1.1025,0,0,0,0,0
10410015,0.9025,1.1025,0,0,0,0,0
10410016,0.9025,1.1025,0,0,0,0,0
10410017,0.9025,1.1025,0,0,0,0,0
10410018,0.9025,1.1025,0,0,0,0,0
10410019,0.9025,1.1025,0,0,0,0,0
10410020,0.9025,1.1025,0,0,0,0,0
10410021,0.9025,1.1025,0,0,0,0,0
10410022,0.9025,1.1025,0,0,0,0,0
10410023,0.9025,1.1025,0,0,0,0,0
10410024,0.9025,1.1025,0,0,0,0,0
10410025,0.9025,1.1025,0,0,0,0,0
10460000,0.9025,1.1025,0,0,0,0,0
10460001,0.9025,1.1025,0,0,0,0,0
10460002,0.9025,1.1025,0,0,0,0,0
10460003,0.9025,1.1025,0,0,0,0,0
10460004,0.9025,1.1025,0,0,0,0,0
10460005,0.9025,1.1025,0,0,0,0,0
10460006,0.9025,1.1025,0,0,0,0,0
10460007,0.9025,1.1025,0,0,0,0,0
10460008,0.9025,1.1025,0,0,0,0,0
10460009,0.9025,1.1025,0,0,0,0,0
10460010,0.9025,1.1025,0,0,0,0,0
10460011,0.9025,1.1025,0,0,0,0,0
10460012,0.9025,1.1025,0,0,0,0,0
10460013,0.9025,1.1025,0,0,0,0,0
10460014,0.9025,1.1025,0,0,0,0,0
10460015,0.9025,1.1025,0,0,0,0,0
10460016,0.9025,1.1025,0,0,0,0,0
10460017,0.9025,1.1025,0,0,0,0,0
10460018,0.9025,1.1025,0,0,0,0,0
10460019,0.9025,1.1025,0,0,0,0,0
10460020,0.9025,1.1025,0,0,0,0,0
10460021,0.9025,1.1025,0,0,0,0,0
10460022,0.9025,1.1025,0,0,0,0,0
10460023,0.9025,1.1025,0,0,0,0,0
10460024,0.9025,1.1025,0,0,0,0,0
10460025,0.9025,1.1025,0,0,0,0,0
10460026,0.9025,1.1025,0,0,0,0,0
10460027,0.9025,1.1025,0,0,0,0,0
10460028,0.9025,1.1025,0,0,0,0,0
10460029,0.9025,1.1025,0,0,0,0,0
10460030,0.9025,1.1025,0,0,0,0,0
10460031,0.9025,1.1025,0,0,0,0,0
10460032,0.9025,1.1025,0,0,0,0,0
10460033,0.9025,1.1025,0,0,0,0,0
10460034,0.9025,1.1025,0,0,0,0,0
10460035,0.9025,1.1025,0,0,0,0,0
10460036,0.9025,1.1025,0,0,0,0,0
10490000,0.9025,1.1025,0,0,0,0,0
10490001,0.9025,1.1025,0,0,0,0,0
10490002,0.9025,1.1025,0,0,0,0,0
10490003,0.9025,1.1025,0,0,0,0,0
10490004,0.9025,1.1025,0,0,0,0,0
10490005,0.9025,1.1025,0,0,0,0,0
10490006,0.9025,1.1025,0,0,0,0,0
10490007,0.9025,1.1025,0,0,0,0,0
10490008,0.9025,1.1025,0,0,0,0,0
10490009,0.9025,1.1025,0,0,0,0,0
10490010,0.9025,1.1025,0,0,0,0,0
10490011,0.9025,1.1025,0,0,0,0,0
10490012,0.9025,1.1025,0,0,0,0,0
10490013,0.9025,1.1025,0,0,0,0,0
10490014,0.9025,1.1025,0,0,0,0,0
10490015,0.9025,1.1025,0,0,0,0,0
10490016,0.9025,1.1025,0,0,0,0,0
10490017,0.9025,1.1025,0,0,0,0,0
10490018,0.9025,1.1025,0,0,0,0,0
10490019,0.9025,1.1025,0,0,0,0,0
10490020,0.9025,1.1025,0,0,0,0,0
10490021,0.9025,1.1025,0,0,0,0,0
10490022,0.9025,1.1025,0,0,0,0,0
10610000,0.9025,1.1025,0,0,0,0,0
10610001,0.9025,1.1025,0,0,0,0,0
10610002,0.9025,1.1025,0,0,0,0,0
10610003,0.9025,1.1025,0,0,0,0,0
10610004,0.9025,1.1025,0,0,0,0,0
10610005,0.9025,1.1025,0,0,0,0,0
10610006,0.9025,1.1025,0,0,0,0,0
10610007,0.9025,1.1025,0,0,0,0,0
10610008,0.9025,1.1025,0,0,0,0,0
10610009,0.9025,1.1025,0,0,0,0,0
10610010,0.9025,1.1025,0,0,0,0,0
10610011,0.9025,1.1025,0,0,0,0,0
10610012,0.9025,1.1025,0,0,0,0,0
10610013,0.9025,1.1025,0,0,0,0,0
10610014,0.9025,1.1025,0,0,0,0,0
10610015,0.9025,1.1025,0,0,0,0,0
10610016,0.9025,1.1025,0,0,0,0,0
10610017,0.9025,1.1025,0,0,0,0,0
10610018,0.9025,1.1025,0,0,0,0,0
10610019,0.9025,1.1025,0,0,0,0,0
10610020,0.9025,1.1025,0,0,0,0,0
10610021,0.9025,1.1025,0,0,0,0,0
10610022,0.9025,1.1025,0,0,0,0,0
10670000,0.902502,1.102508,0,0,0,0,0
10670001,0.902502,1.102508,0,0,0,0,0
10670002,0.902502,1.102508,0,0,0,0,0
10670003,0.902502,1.102508,0,0,0,0,0
10670004,0.902502,1.102508,0,0,0,0,0
10670005,0.902502,1.102508,0,0,0,0,0
10670006,0.902502,1.102508,0,0,0,0,0
10670007,0.902502,1.102508,0,0,0,0,0
10670008,0.902502,1.102508,0,0,0,0,0
10670009,0.902502,1.102508,0,0,0,0,0
10670010,0.902502,1.102508,0,0,0,0,0
10670011,0.902502,1.102508,0,0,0,0,0
10670012,0.902502,1.102508,0,0,0,0,0
10670013,0.902502,1.102508,0,0,0,0,0
10670014,0.902502,1.102508,0,0,0,0,0
10670015,0.902502,1.102508,0,0,0,0,0
10670016,0.902502,1.102508,0,0,0,0,0
10670017,0.902502,1.102508,0,0,0,0,0
10670018,0.902502,1.102508,0,0,0,0,0
10670019,0.902502,1.102508,0,0,0,0,0
10670020,0.902502,1.102508,0,0,0,0,0
10670021,0.902502,1.102508,0,0,0,0,0
10670022,0.902502,1.102508,0,0,0,0,0
10670023,0.902502,1.102508,0,0,0,0,0
10670024,0.902502,1.102508,0,0,0,0,0
10670025,0.902502,1.102508,0,0,0,0,0
10670026,0.902502,1.102508,0,0,0,0,0
10670027,0.902502,1.102508,0,0,0,0,0
10670028,0.902502,1.102508,0,0,0,0,0
10670029,0.902502,1.102508,0,0,0,0,0
10670030,0.902502,1.102508,0,0,0,0,0
10670031,0.902502,1.102508,0,0,0,0,0
10670032,0.902502,1.102508,0,0,0,0,0
10670033,0.902502,1.102508,0,0,0,0,0
10670034,0.902502,1.102508,0,0,0,0,0
10670035,0.902502,1.102508,0,0,0,0,0
10670036,0.902502,1.102508,0,0,0,0,0
10670037,0.902502,1.102508,0,0,0,0,0
10670038,0.902502,1.102508,0,0,0,0,0
10670039,0.902502,1.102508,0,0,0,0,0
10670040,0.902502,1.102508,0,0,0,0,0
10700000,0.902502,1.102508,0,0,0,0,0
10700001,0.902502,1.102508,0,0,0,0,0
10700002,0.902502,1.102508,0,0,0,0,0
10700003,0.902502,1.102508,0,0,0,0,0
10700004,0.902502,1.102508,0,0,0,0,0
10700005,0.902502,1.102508,0,0,0,0,0
10700006,0.902502,1.102508,0,0,0,0,0
10700007,0.902502,1.102508,0,0,0,0,0
10700008,0.902502,1.102508,0,0,0,0,0
10700009,0.902502,1.102508,0,0,0,0,0
10700010,0.902502,1.102508,0,0,0,0,0
10700011,0.902502,1.102508,0,0,0,0,0
10700012,0.902502,1.102508,0,0,0,0,0
10700013,0.902502,1.102508,0,0,0,0,0
10700014,0.902502,1.102508,0,0,0,0,0
10700015,0.902502,1.102508,0,0,0,0,0
10700016,0.902502,1.102508,0,0,0,0,0
10700017,0.902502,1.102508,0,0,0,0,0
10700018,0.902502,1.102508,0,0,0,0,0
10700019,0.902502,1.102508,0,0,0,0,0
10700020,0.902502,1.102508,0,0,0,0,0
10700021,0.902502,1.102508,0,0,0,0,0
10700022,0.902502,1.102508,0,0,0,0,0
10700023,0.902502,1.102508,0,0,0,0,0
10700024,0.902502,1.102508,0,0,0,0,0
10700025,0.902502,1.102508,0,0,0,0,0
10700026,0.902502,1.102508,0,0,0,0,0
10700027,0.902502,1.102508,0,0,0,0,0
10700028,0.902502,1.102508,0,0,0,0,0
10700029,0.902502,1.102508,0,0,0,0,0
10700030,0.902502,1.102508,0,0,0,0,0
10700031,0.902502,1.102508,0,0,0,0,0
10700032,0.902502,1.102508,0,0,0,0,0
10700033,0.902502,1.102508,0,0,0,0,0
10700034,0.902502,1.102508,0,0,0,0,0
10700035,0.902502,1.102508,0,0,0,0,0
10700036,0.902502,1.102508,0,0,0,0,0
10700037,0.902502,1.102508,0,0,0,0,0
10700038,0.902502,1.102508,0,0,0,0,0
10700039,0.902502,1.102508,0,0,0,0,0
10700040,0.902502,1.102508,0,0,0,0,0
10700041,0.902502,1.102508,0,0,0,0,0
10700042,0.902502,1.102508,0,0,0,0,0
10700043,0.902502,1.102508,0,0,0,0,0
10700044,0.902502,1.102508,0,0,0,0,0
10700045,0.902502,1.102508,0,0,0,0,0
10700046,0.902502,1.102508,0,0,0,0,0
10700047,0.902502,1.102508,0,0,0,0,0
10700048,0.902502,1.102508,0,0,0,0,0
10700049,0.902502,1.102508,0,0,0,0,0
10700050,0.902502,1.102508,0,0,0,0,0
10700051,0.902502,1.102508,0,0,0,0,0
10700052,0.902502,1.102508,0,0,0,0,0
10700053,0.902502,1.102508,0,0,0,0,0
10700054,0.902502,1.102508,0,0,0,0,0
10700055,0.902502,1.102508,0,0,0,0,0
10700056,0.902502,1.102508,0,0,0,0,0
10700057,0.902502,1.102508,0,0,0,0,0
10730000,0.902502,1.102508,0,0,0,0,0
10730001,0.902502,1.102508,0,0,0,0,0
10730002,0.902502,1.102508,0,0,0,0,0
10730003,0.902502,1.102508,0,0,0,0,0
10730004,0.902502,1.102508,0,0,0,0,0
10730005,0.902502,1.102508,0,0,0,0,0
10730006,0.902502,1.102508,0,0,0,0,0
10730007,0.902502,1.102508,0,0,0,0,0
10730008,0.902502,1.102508,0,0,0,0,0
10730009,0.902502,1.102508,0,0,0,0,0
10730010,0.902502,1.102508,0,0,0,0,0
10730011,0.902502,1.102508,0,0,0,0,0
10730012,0.902502,1.102508,0,0,0,0,0
10730013,0.902502,1.102508,0,0,0,0,0
10730014,0.902502,1.102508,0,0,0,0,0
10730015,0.902502,1.102508,0,0,0,0,0
10730016,0.902502,1.102508,0,0,0,0,0
10730017,0.902502,1.102508,0,0,0,0,0
10730018,0.902502,1.102508,0,0,0,0,0
10730019,0.902502,1.102508,0,0,0,0,0
10730020,0.902502,1.102508,0,0,0,0,0
10730021,0.902502,1.102508,0,0,0,0,0
10730022,0.902502,1.102508,0,0,0,0,0
10730023,0.902502,1.102508,0,0,0,0,0
10730024,0.902502,1.102508,0,0,0,0,0
10730025,0.902502,1.102508,0,0,0,0,0
10730026,0.902502,1.102508,0,0,0,0,0
10730027,0.902502,1.102508,0,0,0,0,0
10730028,0.902502,1.102508,0,0,0,0,0
10730029,0.902502,1.102508,0,0,0,0,0
10730030,0.902502,1.102508,0,0,0,0,0
10730031,0.902502,1.102508,0,0,0,0,0
10730032,0.902502,1.102508,0,0,0,0,0
10730033,0.902502,1.102508,0,0,0,0,0
10730034,0.902502,1.102508,0,0,0,0,0
10730035,0.902502,1.102508,0,0,0,0,0
10730036,0.902502,1.102508,0,0,0,0,0
10730037,0.902502,1.102508,0,0,0,0,0
10730038,0.902502,1.102508,0,0,0,0,0
10730039,0.902502,1.102508,0,0,0,0,0
10730040,0.902502,1.102508,0,0,0,0,0
10730041,0.902502,1.102508,0,0,0,0,0
10730042,0.902502,1.102508,0,0,0,0,0
10730043,0.902502,1.102508,0,0,0,0,0
10730044,0.902502,1.102508,0,0,0,0,0
10730045,0.902502,1.102508,0,0,0,0,0
10730046,0.902502,1.102508,0,0,0,0,0
10730047,0.902502,1.102508,0,0,0,0,0
10730048,0.902502,1.102508,0,0,0,0,0
10730049,0.902502,1.102508,0,0,0,0,0
10730050,0.902502,1.102508,0,0,0,0,0
10730051,0.902502,1.102508,0,0,0,0,0
10730052,0.902502,1.102508,0,0,0,0,0
10730053,0.902502,1.102508,0,0,0,0,0
10730054,0.902502,1.102508,0,0,0,0,0
10730055,0.902502,1.102508,0,0,0,0,0
10760000,0.902502,1.102508,0,0,0,0,0
10760001,0.902502,1.102508,0,0,0,0,0
10760002,0.902502,1.102508,0,0,0,0,0
10760003,0.902502,1.102508,0,0,0,0,0
10760004,0.902502,1.102508,0,0,0,0,0
10760005,0.902502,1.102508,0,0,0,0,0
10760006,0.902502,1.102508,0,0,0,0,0
10760007,0.902502,1.102508,0,0,0,0,0
10760008,0.902502,1.102508,0,0,0,0,0
10760009,0.902502,1.102508,0,0,0,0,0
10760010,0.902502,1.102508,0,0,0,0,0
10760011,0.902502,1.102508,0,0,0,0,0
10760012,0.902502,1.102508,0,0,0,0,0
10760013,0.902502,1.102508,0,0,0,0,0
10760014,0.902502,1.102508,0,0,0,0,0
10760015,0.902502,1.102508,0,0,0,0,0
10760016,0.902502,1.102508,0,0,0,0,0
10760017,0.902502,1.102508,0,0,0,0,0
10760018,0.902502,1.102508,0,0,0,0,0
10760019,0.902502,1.102508,0,0,0,0,0
10760020,0.902502,1.102508,0,0,0,0,0
10760021,0.902502,1.102508,0,0,0,0,0
10760022,0.902502,1.102508,0,0,0,0,0
10760023,0.902502,1.102508,0,0,0,0,0
10760024,0.902502,1.102508,0,0,0,0,0
10760025,0.902502,1.102508,0,0,0,0,0
10760026,0.902502,1.102508,0,0,0,0,0
10760027,0.902502,1.102508,0,0,0,0,0
10760028,0.902502,1.102508,0,0,0,0,0
11100000,0.9025,1.1025,0,0,0,0,0
11100001,0.9025,1.1025,0,0,0,0,0
11100002,0.9025,1.1025,0,0,0,0,0
11100003,0.9025,1.1025,0,0,0,0,0
11100004,0.9025,1.1025,0,0,0,0,0
11100005,0.9025,1.1025,0,0,0,0,0
11100006,0.9025,1.1025,0,0,0,0,0
11100007,0.9025,1.1025,0,0,0,0,0
11100008,0.9025,1.1025,0,0,0,0,0
11100009,0.9025,1.1025,0,0,0,0,0
11100010,0.9025,1.1025,0,0,0,0,0
11100011,0.9025,1.1025,0,0,0,0,0
11100012,0.9025,1.1025,0,0,0,0,0
11100013,0.9025,1.1025,0,0,0,0,0
11100014,0.9025,1.1025,0,0,0,0,0
11100015,0.9025,1.1025,0,0,0,0,0
11100016,0.9025,1.1025,0,0,0,0,0
11100017,0.9025,1.1025,0,0,0,0,0
11100018,0.9025,1.1025,0,0,0,0,0
11100019,0.9025,1.1025,0,0,0,0,0
11100020,0.9025,1.1025,0,0,0,0,0
11100021,0.9025,1.1025,0,0,0,0,0
11100022,0.9025,1.1025,0,0,0,0,0
11220000,0.902494,1.102494,0,0,0,0,0
11220001,0.902494,1.102494,0,0,0,0,0
11220002,0.902494,1.102494,0,0,0,0,0
11220003,0.902494,1.102494,0,0,0,0,0
11220004,0.902494,1.102494,0,0,0,0,0
11220005,0.902494,1.102494,0,0,0,0,0
11220006,0.902494,1.102494,0,0,0,0,0
11220007,0.902494,1.102494,0,0,0,0,0
11220008,0.902494,1.102494,0,0,0,0,0
11220009,0.902494,1.102494,0,0,0,0,0
11220010,0.902494,1.102494,0,0,0,0,0
11220011,0.902494,1.102494,0,0,0,0,0
11220012,0.902494,1.102494,0,0,0,0,0
11220013,0.902494,1.102494,0,0,0,0,0
11220014,0.902494,1.102494,0,0,0,0,0
11220015,0.902494,1.102494,0,0,0,0,0
11220016,0.902494,1.102494,0,0,0,0,0
11220017,0.902494,1.102494,0,0,0,0,0
11220018,0.902494,1.102494,0,0,0,0,0
11220019,0.902494,1.102494,0,0,0,0,0
11220020,0.902494,1.102494,0,0,0,0,0
11220021,0.902494,1.102494,0,0,0,0,0
11220022,0.902494,1.102494,0,0,0,0,0
11220023,0.902494,1.102494,0,0,0,0,0
11220024,0.902494,1.102494,0,0,0,0,0
11220025,0.902494,1.102494,0,0,0,0,0
11220026,0.902494,1.102494,0,0,0,0,0
11220027,0.902494,1.102494,0,0,0,0,0
11220028,0.902494,1.102494,0,0,0,0,0
11220029,0.902494,1.102494,0,0,0,0,0
11220030,0.902494,1.102494,0,0,0,0,0
11220031,0.902494,1.102494,0,0,0,0,0
11220032,0.902494,1.102494,0,0,0,0,0
11220033,0.902494,1.102494,0,0,0,0,0
11220034,0.902494,1.102494,0,0,0,0,0
11220035,0.902494,1.102494,0,0,0,0,0
11220036,0.902494,1.102494,0,0,0,0,0
11220037,0.902494,1.102494,0,0,0,0,0
11220038,0.902494,1.102494,0,0,0,0,0
11560000,0.9025,1.1025,0,0,0,0,0
11560001,0.9025,1.1025,0,0,0,0,0
11560002,0.9025,1.1025,0,0,0,0,0
11560003,0.9025,1.1025,0,0,0,0,0
11560004,0.9025,1.1025,0,0,0,0,0
11560005,0.9025,1.1025,0,0,0,0,0
11560006,0.9025,1.1025,0,0,0,0,0
11560007,0.9025,1.1025,0,0,0,0,0
11560008,0.9025,1.1025,0,0,0,0,0
11560009,0.9025,1.1025,0,0,0,0,0
11560010,0.9025,1.1025,0,0,0,0,0
11560011,0.9025,1.1025,0,0,0,0,0
11560012,0.9025,1.1025,0,0,0,0,0
11560013,0.9025,1.1025,0,0,0,0,0
11560014,0.9025,1.1025,0,0,0,0,0
11560015,0.9025,1.1025,0,0,0,0,0
11560016,0.9025,1.1025,0,0,0,0,0
11560017,0.9025,1.1025,0,0,0,0,0
11560018,0.9025,1.1025,0,0,0,0,0
11560019,0.9025,1.1025,0,0,0,0,0
11560020,0.9025,1.1025,0,0,0,0,0
11560021,0.9025,1.1025,0,0,0,0,0
11560022,0.9025,1.1025,0,0,0,0,0
11860000,0.9025,1.1025,0,0,0,0,0
11860001,0.9025,1.1025,0,0,0,0,0
11860002,0.9025,1.1025,0,0,0,0,0
11860003,0.9025,1.1025,0,0,0,0,0
11860004,0.9025,1.1025,0,0,0,0,0
11860005,0.9025,1.1025,0,0,0,0,0
11860006,0.9025,1.1025,0,0,0,0,0
11860007,0.9025,1.1025,0,0,0,0,0
11860008,0.9025,1.1025,0,0,0,0,0
11860009,0.9025,1.1025,0,0,0,0,0
11860010,0.9025,1.1025,0,0,0,0,0
11860011,0.9025,1.1025,0,0,0,0,0
11860012,0.9025,1.1025,0,0,0,0,0
11860013,0.9025,1.1025,0,0,0,0,0
11860014,0.9025,1.1025,0,0,0,0,0
11860015,0.9025,1.1025,0,0,0,0,0
11860016,0.9025,1.1025,0,0,0,0,0
11860017,0.9025,1.1025,0,0,0,0,0
11860018,0.9025,1.1025,0,0,0,0,0
11860019,0.9025,1.1025,0,0,0,0,0
11860020,0.9025,1.1025,0,0,0,0,0
11860021,0.9025,1.1025,0,0,0,0,0
11860022,0.9025,1.1025,0,0,0,0,0
11860023,0.9025,1.1025,0,0,0,0,0
11860024,0.9025,1.1025,0,0,0,0,0
11860025,0.9025,1.1025,0,0,0,0,0
11860026,0.9025,1.1025,0,0,0,0,0
11860027,0.9025,1.1025,0,0,0,0,0
11860028,0.9025,1.1025,0,0,0,0,0
11860029,0.9025,1.1025,0,0,0,0,0
11860030,0.9025,1.1025,0,0,0,0,0
11860031,0.9025,1.1025,0,0,0,0,0
11860032,0.9025,1.1025,0,0,0,0,0
11860033,0.9025,1.1025,0,0,0,0,0
11860034,0.9025,1.1025,0,0,0,0,0
11860035,0.9025,1.1025,0,0,0,0,0
11860036,0.9025,1.1025,0,0,0,0,0
11980000,0.902502,1.102508,0,0,0,0,0
11980001,0.902502,1.102508,0,0,0,0,0
11980002,0.902502,1.102508,0,0,0,0,0
11980003,0.902502,1.102508,0,0,0,0,0
11980004,0.902502,1.102508,0,0,0,0,0
11980005,0.902502,1.102508,0,0,0,0,0
11980006,0.902502,1.102508,0,0,0,0,0
11980007,0.902502,1.102508,0,0,0,0,0
11980008,0.902502,1.102508,0,0,0,0,0
11980009,0.902502,1.102508,0,0,0,0,0
11980010,0.902502,1.102508,0,0,0,0,0
11980011,0.902502,1.102508,0,0,0,0,0
11980012,0.902502,1.102508,0,0,0,0,0
11980013,0.902502,1.102508,0,0,0,0,0
11980014,0.902502,1.102508,0,0,0,0,0
11980015,0.902502,1.102508,0,0,0,0,0
11980016,0.902502,1.102508,0,0,0,0,0
11980017,0.902502,1.102508,0,0,0,0,0
11980018,0.902502,1.102508,0,0,0,0,0
11980019,0.902502,1.102508,0,0,0,0,0
11980020,0.902502,1.102508,0,0,0,0,0
11980021,0.902502,1.102508,0,0,0,0,0
11980022,0.902502,1.102508,0,0,0,0,0
11980023,0.902502,1.102508,0,0,0,0,0
11980024,0.902502,1.102508,0,0,0,0,0
11980025,0.902502,1.102508,0,0,0,0,0
11980026,0.902502,1.102508,0,0,0,0,0
11980027,0.902502,1.102508,0,0,0,0,0
11980028,0.902502,1.102508,0,0,0,0,0
11980029,0.902502,1.102508,0,0,0,0,0
11980030,0.902502,1.102508,0,0,0,0,0
11980031,0.902502,1.102508,0,0,0,0,0
11980032,0.902502,1.102508,0,0,0,0,0
11980033,0.902502,1.102508,0,0,0,0,0
11980034,0.902502,1.102508,0,0,0,0,0
11980035,0.902502,1.102508,0,0,0,0,0
11980036,0.902502,1.102508,0,0,0,0,0
11980037,0.902502,1.102508,0,0,0,0,0
11980038,0.902502,1.102508,0,0,0,0,0
11980039,0.902502,1.102508,0,0,0,0,0
11980040,0.902502,1.102508,0,0,0,0,0
11980041,0.902502,1.102508,0,0,0,0,0
11980042,0.902502,1.102508,0,0,0,0,0
11980043,0.902502,1.102508,0,0,0,0,0
11980044,0.902502,1.102508,0,0,0,0,0
11980045,0.902502,1.102508,0,0,0,0,0
11980046,0.902502,1.102508,0,0,0,0,0
11980047,0.902502,1.102508,0,0,0,0,0
11980048,0.902502,1.102508,0,0,0,0,0
11980049,0.902502,1.102508,0,0,0,0,0
11980050,0.902502,1.102508,0,0,0,0,0
11980051,0.902502,1.102508,0,0,0,0,0
11980052,0.902502,1.102508,0,0,0,0,0
11980053,0.902502,1.102508,0,0,0,0,0
11980054,0.902502,1.102508,0,0,0,0,0
11980055,0.902502,1.102508,0,0,0,0,0
11980056,0.902502,1.102508,0,0,0,0,0
11980057,0.902502,1.102508,0,0,0,0,0
11980058,0.902502,1.102508,0,0,0,0,0
11980059,0.902502,1.102508,0,0,0,0,0
11980060,0.902502,1.102508,0,0,0,0,0
11980061,0.902502,1.102508,0,0,0,0,0
11980062,0.902502,1.102508,0,0,0,0,0
11980063,0.902502,1.102508,0,0,0,0,0
11980064,0.902502,1.102508,0,0,0,0,0
11980065,0.902502,1.102508,0,0,0,0,0
11980066,0.902502,1.102508,0,0,0,0,0
11980067,0.902502,1.102508,0,0,0,0,0
11980068,0.902502,1.102508,0,0,0,0,0
11980069,0.902502,1.102508,0,0,0,0,0
11980070,0.902502,1.102508,0,0,0,0,0
11980071,0.902502,1.102508,0,0,0,0,0
11980072,0.902502,1.102508,0,0,0,0,0
11980073,0.902502,1.102508,0,0,0,0,0
11980074,0.902502,1.102508,0,0,0,0,0
11980075,0.902502,1.102508,0,0,0,0,0
11980076,0.902502,1.102508,0,0,0,0,0
11980077,0.902502,1.102508,0,0,0,0,0
11980078,0.902502,1.102508,0,0,0,0,0
12140000,0.9025,1.1025,0,0,0,0,0
12140001,0.9025,1.1025,0,0,0,0,0
12140002,0.9025,1.1025,0,0,0,0,0
12140003,0.9025,1.1025,0,0,0,0,0
12140004,0.9025,1.1025,0,0,0,0,0
12140005,0.9025,1.1025,0,0,0,0,0
12140006,0.9025,1.1025,0,0,0,0,0
12140007,0.9025,1.1025,0,0,0,0,0
12140008,0.9025,1.1025,0,0,0,0,0
12140009,0.9025,1.1025,0,0,0,0,0
12140010,0.9025,1.1025,0,0,0,0,0
12140011,0.9025,1.1025,0,0,0,0,0
12140012,0.9025,1.1025,0,0,0,0,0
12140013,0.9025,1.1025,0,0,0,0,0
12140014,0.9025,1.1025,0,0,0,0,0
12140015,0.9025,1.1025,0,0,0,0,0
12140016,0.9025,1.1025,0,0,0,0,0
12140017,0.9025,1.1025,0,0,0,0,0
12140018,0.9025,1.1025,0,0,0,0,0
12140019,0.9025,1.1025,0,0,0,0,0
12140020,0.9025,1.1025,0,0,0,0,0
12140021,0.9025,1.1025,0,0,0,0,0
12140022,0.9025,1.1025,0,0,0,0,0
12140023,0.9025,1.1025,0,0,0,0,0
12140024,0.9025,1.1025,0,0,0,0,0
12140025,0.9025,1.1025,0,0,0,0,0
12150000,0.9025,1.1025,0,0,0,0,0
12150001,0.9025,1.1025,0,0,0,0,0
12150002,0.9025,1.1025,0,0,0,0,0
12150003,0.9025,1.1025,0,0,0,0,0
12150004,0.9025,1.1025,0,0,0,0,0
12150005,0.9025,1.1025,0,0,0,0,0
12150006,0.9025,1.1025,0,0,0,0,0
12150007,0.9025,1.1025,0,0,0,0,0
12150008,0.9025,1.1025,0,0,0,0,0
12150009,0.9025,1.1025,0,0,0,0,0
12150010,0.9025,1.1025,0,0,0,0,0
12150011,0.9025,1.1025,0,0,0,0,0
12150012,0.9025,1.1025,0,0,0,0,0
12150013,0.9025,1.1025,0,0,0,0,0
12150014,0.9025,1.1025,0,0,0,0,0
12150015,0.9025,1.1025,0,0,0,0,0
12150016,0.9025,1.1025,0,0,0,0,0
12150017,0.9025,1.1025,0,0,0,0,0
12150018,0.9025,1.1025,0,0,0,0,0
12150019,0.9025,1.1025,0,0,0,0,0
12150020,0.9025,1.1025,0,0,0,0,0
12150021,0.9025,1.1025,0,0,0,0,0
12150022,0.9025,1.1025,0,0,0,0,0
12330000,0.902494,1.102494,0,0,0,0,0
12330001,0.902494,1.102494,0,0,0,0,0
12330002,0.902494,1.102494,0,0,0,0,0
12330003,0.902494,1.102494,0,0,0,0,0
12330004,0.902494,1.102494,0,0,0,0,0
12330005,0.902494,1.102494,0,0,0,0,0
12330006,0.902494,1.102494,0,0,0,0,0
12330007,0.902494,1.102494,0,0,0,0,0
12330008,0.902494,1.102494,0,0,0,0,0
12330009,0.902494,1.102494,0,0,0,0,0
12330010,0.902494,1.102494,0,0,0,0,0
12330011,0.902494,1.102494,0,0,0,0,0
12330012,0.902494,1.102494,0,0,0,0,0
12330013,0.902494,1.102494,0,0,0,0,0
12330014,0.902494,1.102494,0,0,0,0,0
12330015,0.902494,1.102494,0,0,0,0,0
12330016,0.902494,1.102494,0,0,0,0,0
12330017,0.902494,1.102494,0,0,0,0,0
12330018,0.902494,1.102494,0,0,0,0,0
12330019,0.902494,1.102494,0,0,0,0,0
12330020,0.902494,1.102494,0,0,0,0,0
12330021,0.902494,1.102494,0,0,0,0,0
12330022,0.902494,1.102494,0,0,0,0,0
12330023,0.902494,1.102494,0,0,0,0,0
12330024,0.902494,1.102494,0,0,0,0,0
12330025,0.902494,1.102494,0,0,0,0,0
12330026,0.902494,1.102494,0,0,0,0,0
12330027,0.902494,1.102494,0,0,0,0,0
12330028,0.902494,1.102494,0,0,0,0,0
12330029,0.902494,1.102494,0,0,0,0,0
12330030,0.902494,1.102494,0,0,0,0,0
12330031,0.902494,1.102494,0,0,0,0,0
12330032,0.902494,1.102494,0,0,0,0,0
12330033,0.902494,1.102494,0,0,0,0,0
12330034,0.902494,1.102494,0,0,0,0,0
12330035,0.902494,1.102494,0,0,0,0,0
12330036,0.902494,1.102494,0,0,0,0,0
12330037,0.902494,1.102494,0,0,0,0,0
12330038,0.902494,1.102494,0,0,0,0,0
12330039,0.902494,1.102494,0,0,0,0,0
12330040,0.902494,1.102494,0,0,0,0,0
12330041,0.902494,1.102494,0,0,0,0,0
12330042,0.902494,1.102494,0,0,0,0,0
12330043,0.902494,1.102494,0,0,0,0,0
12330044,0.902494,1.102494,0,0,0,0,0
12330045,0.902494,1.102494,0,0,0,0,0
12330046,0.902494,1.102494,0,0,0,0,0
12330047,0.902494,1.102494,0,0,0,0,0
12330048,0.902494,1.102494,0,0,0,0,0
12330049,0.902494,1.102494,0,0,0,0,0
12330050,0.902494,1.102494,0,0,0,0,0
12330051,0.902494,1.102494,0,0,0,0,0
12330052,0.902494,1.102494,0,0,0,0,0
12390000,0.902502,1.102508,0,0,0,0,0
12390001,0.902502,1.102508,0,0,0,0,0
12390002,0.902502,1.102508,0,0,0,0,0
12390003,0.902502,1.102508,0,0,0,0,0
12390004,0.902502,1.102508,0,0,0,0,0
12390005,0.902502,1.102508,0,0,0,0,0
12390006,0.902502,1.102508,0,0,0,0,0
12390007,0.902502,1.102508,0,0,0,0,0
12390008,0.902502,1.102508,0,0,0,0,0
12390009,0.902502,1.102508,0,0,0,0,0
12390010,0.902502,1.102508,0,0,0,0,0
12390011,0.902502,1.102508,0,0,0,0,0
12390012,0.902502,1.102508,0,0,0,0,0
12390013,0.902502,1.102508,0,0,0,0,0
12390014,0.902502,1.102508,0,0,0,0,0
12390015,0.902502,1.102508,0,0,0,0,0
12390016,0.902502,1.102508,0,0,0,0,0
12390017,0.902502,1.102508,0,0,0,0,0
12390018,0.902502,1.102508,0,0,0,0,0
12390019,0.902502,1.102508,0,0,0,0,0
12390020,0.902502,1.102508,0,0,0,0,0
12390021,0.902502,1.102508,0,0,0,0,0
12390022,0.902502,1.102508,0,0,0,0,0
12390023,0.902502,1.102508,0,0,0,0,0
12390024,0.902502,1.102508,0,0,0,0,0
12390025,0.902502,1.102508,0,0,0,0,0
12390026,0.902502,1.102508,0,0,0,0,0
12390027,0.902502,1.102508,0,0,0,0,0
12390028,0.902502,1.102508,0,0,0,0,0
12450000,0.902502,1.102508,0,0,0,0,0
12450001,0.902502,1.102508,0,0,0,0,0
12450002,0.902502,1.102508,0,0,0,0,0
12450003,0.902502,1.102508,0,0,0,0,0
12450004,0.902502,1.102508,0,0,0,0,0
12450005,0.902502,1.102508,0,0,0,0,0
12450006,0.902502,1.102508,0,0,0,0,0
12450007,0.902502,1.102508,0,0,0,0,0
12450008,0.902502,1.102508,0,0,0,0,0
12450009,0.902502,1.102508,0,0,0,0,0
12450010,0.902502,1.102508,0,0,0,0,0
12450011,0.902502,1.102508,0,0,0,0,0
12450012,0.902502,1.102508,0,0,0,0,0
12450013,0.902502,1.102508,0,0,0,0,0
12450014,0.902502,1.102508,0,0,0,0,0
12450015,0.902502,1.102508,0,0,0,0,0
12450016,0.902502,1.102508,0,0,0,0,0
12450017,0.902502,1.102508,0,0,0,0,0
12450018,0.902502,1.102508,0,0,0,0,0
12450019,0.902502,1.102508,0,0,0,0,0
12450020,0.902502,1.102508,0,0,0,0,0
12450021,0.902502,1.102508,0,0,0,0,0
12450022,0.902502,1.102508,0,0,0,0,0
12450023,0.902502,1.102508,0,0,0,0,0
12450024,0.902502,1.102508,0,0,0,0,0
12450025,0.902502,1.102508,0,0,0,0,0
12450026,0.902502,1.102508,0,0,0,0,0
12450027,0.902502,1.102508,0,0,0,0,0
12450028,0.902502,1.102508,0,0,0,0,0
12450029,0.902502,1.102508,0,0,0,0,0
12450030,0.902502,1.102508,0,0,0,0,0
12450031,0.902502,1.102508,0,0,0,0,0
12450032,0.902502,1.102508,0,0,0,0,0
12450033,0.902502,1.102508,0,0,0,0,0
12450034,0.902502,1.102508,0,0,0,0,0
12450035,0.902502,1.102508,0,0,0,0,0
12450036,0.902502,1.102508,0,0,0,0,0
12450037,0.902502,1.102508,0,0,0,0,0
12450038,0.902502,1.102508,0,0,0,0,0
12450039,0.902502,1.102508,0,0,0,0,0
12450040,0.902502,1.102508,0,0,0,0,0
12450041,0.902502,1.102508,0,0,0,0,0
12450042,0.902502,1.102508,0,0,0,0,0
12450043,0.902502,1.102508,0,0,0,0,0
12450044,0.902502,1.102508,0,0,0,0,0
12450045,0.902502,1.102508,0,0,0,0,0
12450046,0.902502,1.102508,0,0,0,0,0
12450047,0.902502,1.102508,0,0,0,0,0
12450048,0.902502,1.102508,0,0,0,0,0
12450049,0.902502,1.102508,0,0,0,0,0
12450050,0.902502,1.102508,0,0,0,0,0
12450051,0.902502,1.102508,0,0,0,0,0
12450052,0.902502,1.102508,0,0,0,0,0
12450053,0.902502,1.102508,0,0,0,0,0
12450054,0.902502,1.102508,0,0,0,0,0
12450055,0.902502,1.102508,0,0,0,0,0
12470000,0.902502,1.102508,0,0,0,0,0
12470001,0.902502,1.102508,0,0,0,0,0
12470002,0.902502,1.102508,0,0,0,0,0
12470003,0.902502,1.102508,0,0,0,0,0
12470004,0.902502,1.102508,0,0,0,0,0
12470005,0.902502,1.102508,0,0,0,0,0
12470006,0.902502,1.102508,0,0,0,0,0
12470007,0.902502,1.102508,0,0,0,0,0
12470008,0.902502,1.102508,0,0,0,0,0
12470009,0.902502,1.102508,0,0,0,0,0
12470010,0.902502,1.102508,0,0,0,0,0
12470011,0.902502,1.102508,0,0,0,0,0
12470012,0.902502,1.102508,0,0,0,0,0
12470013,0.902502,1.102508,0,0,0,0,0
12470014,0.902502,1.102508,0,0,0,0,0
12470015,0.902502,1.102508,0,0,0,0,0
12470016,0.902502,1.102508,0,0,0,0,0
12470017,0.902502,1.102508,0,0,0,0,0
12470018,0.902502,1.102508,0,0,0,0,0
12470019,0.902502,1.102508,0,0,0,0,0
12470020,0.902502,1.102508,0,0,0,0,0
12470021,0.902502,1.102508,0,0,0,0,0
12470022,0.902502,1.102508,0,0,0,0,0
12470023,0.902502,1.102508,0,0,0,0,0
12470024,0.902502,1.102508,0,0,0,0,0
12470025,0.902502,1.102508,0,0,0,0,0
12470026,0.902502,1.102508,0,0,0,0,0
12470027,0.902502,1.102508,0,0,0,0,0
12470028,0.902502,1.102508,0,0,0,0,0
12470029,0.902502,1.102508,0,0,0,0,0
12470030,0.902502,1.102508,0,0,0,0,0
12470031,0.902502,1.102508,0,0,0,0,0
12470032,0.902502,1.102508,0,0,0,0,0
12470033,0.902502,1.102508,0,0,0,0,0
12470034,0.902502,1.102508,0,0,0,0,0
12470035,0.902502,1.102508,0,0,0,0,0
12470036,0.902502,1.102508,0,0,0,0,0
12470037,0.902502,1.102508,0,0,0,0,0
12470038,0.902502,1.102508,0,0,0,0,0
12470039,0.902502,1.102508,0,0,0,0,0
12470040,0.902502,1.102508,0,0,0,0,0
12470041,0.902502,1.102508,0,0,0,0,0
12470042,0.902502,1.102508,0,0,0,0,0
12470043,0.902502,1.102508,0,0,0,0,0
12470044,0.902502,1.102508,0,0,0,0,0
12470045,0.902502,1.102508,0,0,0,0,0
12470046,0.902502,1.102508,0,0,0,0,0
12470047,0.902502,1.102508,0,0,0,0,0
12470048,0.902502,1.102508,0,0,0,0,0
12470049,0.902502,1.102508,0,0,0,0,0
12470050,0.902502,1.102508,0,0,0,0,0
12470051,0.902502,1.102508,0,0,0,0,0
12470052,0.902502,1.102508,0,0,0,0,0
12470053,0.902502,1.102508,0,0,0,0,0
12470054,0.902502,1.102508,0,0,0,0,0
12470055,0.902502,1.102508,0,0,0,0,0
12470056,0.902502,1.102508,0,0,0,0,0
12470057,0.902502,1.102508,0,0,0,0,0
12500000,0.902494,1.102494,0,0,0,0,0
12500001,0.902494,1.102494,0,0,0,0,0
12500002,0.902494,1.102494,0,0,0,0,0
12500003,0.902494,1.102494,0,0,0,0,0
12500004,0.902494,1.102494,0,0,0,0,0
12500005,0.902494,1.102494,0,0,0,0,0
12500006,0.902494,1.102494,0,0,0,0,0
12500007,0.902494,1.102494,0,0,0,0,0
12500008,0.902494,1.102494,0,0,0,0,0
12500009,0.902494,1.102494,0,0,0,0,0
12500010,0.902494,1.102494,0,0,0,0,0
12500011,0.902494,1.102494,0,0,0,0,0
12500012,0.902494,1.102494,0,0,0,0,0
12500013,0.902494,1.102494,0,0,0,0,0
12500014,0.902494,1.102494,0,0,0,0,0
12500015,0.902494,1.102494,0,0,0,0,0
12500016,0.902494,1.102494,0,0,0,0,0
12500017,0.902494,1.102494,0,0,0,0,0
12500018,0.902494,1.102494,0,0,0,0,0
12500019,0.902494,1.102494,0,0,0,0,0
12500020,0.902494,1.102494,0,0,0,0,0
12500021,0.902494,1.102494,0,0,0,0,0
12500022,0.902494,1.102494,0,0,0,0,0
12500023,0.902494,1.102494,0,0,0,0,0
12500024,0.902494,1.102494,0,0,0,0,0
12500025,0.902494,1.102494,0,0,0,0,0
12500026,0.902494,1.102494,0,0,0,0,0
12500027,0.902494,1.102494,0,0,0,0,0
12500028,0.902494,1.102494,0,0,0,0,0
12500029,0.902494,1.102494,0,0,0,0,0
12500030,0.902494,1.102494,0,0,0,0,0
12500031,0.902494,1.102494,0,0,0,0,0
12500032,0.902494,1.102494,0,0,0,0,0
12500033,0.902494,1.102494,0,0,0,0,0
12500034,0.902494,1.102494,0,0,0,0,0
12500035,0.902494,1.102494,0,0,0,0,0
12500036,0.902494,1.102494,0,0,0,0,0
12500037,0.902494,1.102494,0,0,0,0,0
12500038,0.902494,1.102494,0,0,0,0,0
12500039,0.902494,1.102494,0,0,0,0,0
12500040,0.902494,1.102494,0,0,0,0,0
12500041,0.902494,1.102494,0,0,0,0,0
12500042,0.902494,1.102494,0,0,0,0,0
12500043,0.902494,1.102494,0,0,0,0,0
12500044,0.902494,1.102494,0,0,0,0,0
12500045,0.902494,1.102494,0,0,0,0,0
12500046,0.902494,1.102494,0,0,0,0,0
12500047,0.902494,1.102494,0,0,0,0,0
12500048,0.902494,1.102494,0,0,0,0,0
12500049,0.902494,1.102494,0,0,0,0,0
12500050,0.902494,1.102494,0,0,0,0,0
12500051,0.902494,1.102494,0,0,0,0,0
12500052,0.902494,1.102494,0,0,0,0,0
12500053,0.902494,1.102494,0,0,0,0,0
12500054,0.902494,1.102494,0,0,0,0,0
12500055,0.902494,1.102494,0,0,0,0,0
12500056,0.902494,1.102494,0,0,0,0,0
12500057,0.902494,1.102494,0,0,0,0,0
12500058,0.902494,1.102494,0,0,0,0,0
12500059,0.902494,1.102494,0,0,0,0,0
12500060,0.902494,1.102494,0,0,0,0,0
12500061,0.902494,1.102494,0,0,0,0,0
12500062,0.902494,1.102494,0,0,0,0,0
12500063,0.902494,1.102494,0,0,0,0,0
12500064,0.902494,1.102494,0,0,0,0,0
12500065,0.902494,1.102494,0,0,0,0,0
12500066,0.902494,1.102494,0,0,0,0,0
12500067,0.902494,1.102494,0,0,0,0,0
12500068,0.902494,1.102494,0,0,0,0,0
12500069,0.902494,1.102494,0,0,0,0,0
12500070,0.902494,1.102494,0,0,0,0,0
12500071,0.902494,1.102494,0,0,0,0,0
12500072,0.902494,1.102494,0,0,0,0,0
12500073,0.902494,1.102494,0,0,0,0,0
12500074,0.902494,1.102494,0,0,0,0,0
12500075,0.902494,1.102494,0,0,0,0,0
12500076,0.902494,1.102494,0,0,0,0,0
12500077,0.902494,1.102494,0,0,0,0,0
12500078,0.902494,1.102494,0,0,0,0,0
12540000,0.902494,1.102494,0,0,0,0,0
12540001,0.902494,1.102494,0,0,0,0,0
12540002,0.902494,1.102494,0,0,0,0,0
12540003,0.902494,1.102494,0,0,0,0,0
12540004,0.902494,1.102494,0,0,0,0,0
12540005,0.902494,1.102494,0,0,0,0,0
12540006,0.902494,1.102494,0,0,0,0,0
12540007,0.902494,1.102494,0,0,0,0,0
12540008,0.902494,1.102494,0,0,0,0,0
12540009,0.902494,1.102494,0,0,0,0,0
12540010,0.902494,1.102494,0,0,0,0,0
12540011,0.902494,1.102494,0,0,0,0,0
12540012,0.902494,1.102494,0,0,0,0,0
12540013,0.902494,1.102494,0,0,0,0,0
12540014,0.902494,1.102494,0,0,0,0,0
12540015,0.902494,1.102494,0,0,0,0,0
12540016,0.902494,1.102494,0,0,0,0,0
12540017,0.902494,1.102494,0,0,0,0,0
12540018,0.902494,1.102494,0,0,0,0,0
12540019,0.902494,1.102494,0,0,0,0,0
12540020,0.902494,1.102494,0,0,0,0,0
12540021,0.902494,1.102494,0,0,0,0,0
12540022,0.902494,1.102494,0,0,0,0,0
12540023,0.902494,1.102494,0,0,0,0,0
12540024,0.902494,1.102494,0,0,0,0,0
12540025,0.902494,1.102494,0,0,0,0,0
12540026,0.902494,1.102494,0,0,0,0,0
12540027,0.902494,1.102494,0,0,0,0,0
12540028,0.902494,1.102494,0,0,0,0,0
12540029,0.902494,1.102494,0,0,0,0,0
12540030,0.902494,1.102494,0,0,0,0,0
12540031,0.902494,1.102494,0,0,0,0,0
12540032,0.902494,1.102494,0,0,0,0,0
12540033,0.902494,1.102494,0,0,0,0,0
12540034,0.902494,1.102494,0,0,0,0,0
12540035,0.902494,1.102494,0,0,0,0,0
12540036,0.902494,1.102494,0,0,0,0,0
12540037,0.902494,1.102494,0,0,0,0,0
12540038,0.902494,1.102494,0,0,0,0,0
12620000,0.902494,1.102494,0,0,0,0,0
12620001,0.902494,1.102494,0,0,0,0,0
12620002,0.902494,1.102494,0,0,0,0,0
12620003,0.902494,1.102494,0,0,0,0,0
12620004,0.902494,1.102494,0,0,0,0,0
12620005,0.902494,1.102494,0,0,0,0,0
12620006,0.902494,1.102494,0,0,0,0,0
12620007,0.902494,1.102494,0,0,0,0,0
12620008,0.902494,1.102494,0,0,0,0,0
12620009,0.902494,1.102494,0,0,0,0,0
12620010,0.902494,1.102494,0,0,0,0,0
12620011,0.902494,1.102494,0,0,0,0,0
12620012,0.902494,1.102494,0,0,0,0,0
12620013,0.902494,1.102494,0,0,0,0,0
12620014,0.902494,1.102494,0,0,0,0,0
12620015,0.902494,1.102494,0,0,0,0,0
12620016,0.902494,1.102494,0,0,0,0,0
12620017,0.902494,1.102494,0,0,0,0,0
12620018,0.902494,1.102494,0,0,0,0,0
12620019,0.902494,1.102494,0,0,0,0,0
12620020,0.902494,1.102494,0,0,0,0,0
12620021,0.902494,1.102494,0,0,0,0,0
12620022,0.902494,1.102494,0,0,0,0,0
12620023,0.902494,1.102494,0,0,0,0,0
12620024,0.902494,1.102494,0,0,0,0,0
12620025,0.902494,1.102494,0,0,0,0,0
12620026,0.902494,1.102494,0,0,0,0,0
12620027,0.902494,1.102494,0,0,0,0,0
12620028,0.902494,1.102494,0,0,0,0,0
12620029,0.902494,1.102494,0,0,0,0,0
12620030,0.902494,1.102494,0,0,0,0,0
12620031,0.902494,1.102494,0,0,0,0,0
12620032,0.902494,1.102494,0,0,0,0,0
12620033,0.902494,1.102494,0,0,0,0,0
12620034,0.902494,1.102494,0,0,0,0,0
12620035,0.902494,1.102494,0,0,0,0,0
12620036,0.902494,1.102494,0,0,0,0,0
12620037,0.902494,1.102494,0,0,0,0,0
12620038,0.902494,1.102494,0,0,0,0,0
12720000,0.9025,1.1025,0,0,0,0,0
12720001,0.9025,1.1025,0,0,0,0,0
12720002,0.9025,1.1025,0,0,0,0,0
12720003,0.9025,1.1025,0,0,0,0,0
12720004,0.9025,1.1025,0,0,0,0,0
12720005,0.9025,1.1025,0,0,0,0,0
12720006,0.9025,1.1025,0,0,0,0,0
12720007,0.9025,1.1025,0,0,0,0,0
12720008,0.9025,1.1025,0,0,0,0,0
12720009,0.9025,1.1025,0,0,0,0,0
12720010,0.9025,1.1025,0,0,0,0,0
12720011,0.9025,1.1025,0,0,0,0,0
12720012,0.9025,1.1025,0,0,0,0,0
12720013,0.9025,1.1025,0,0,0,0,0
12720014,0.9025,1.1025,0,0,0,0,0
12720015,0.9025,1.1025,0,0,0,0,0
12720016,0.9025,1.1025,0,0,0,0,0
12720017,0.9025,1.1025,0,0,0,0,0
12720018,0.9025,1.1025,0,0,0,0,0
12720019,0.9025,1.1025,0,0,0,0,0
12720020,0.9025,1.1025,0,0,0,0,0
12720021,0.9025,1.1025,0,0,0,0,0
12720022,0.9025,1.1025,0,0,0,0,0
12720023,0.9025,1.1025,0,0,0,0,0
12720024,0.9025,1.1025,0,0,0,0,0
12720025,0.9025,1.1025,0,0,0,0,0
12780000,0.902502,1.102508,0,0,0,0,0
12780001,0.902502,1.102508,0,0,0,0,0
12780002,0.902502,1.102508,0,0,0,0,0
12780003,0.902502,1.102508,0,0,0,0,0
12780004,0.902502,1.102508,0,0,0,0,0
12780005,0.902502,1.102508,0,0,0,0,0
12780006,0.902502,1.102508,0,0,0,0,0
12780007,0.902502,1.102508,0,0,0,0,0
12780008,0.902502,1.102508,0,0,0,0,0
12780009,0.902502,1.102508,0,0,0,0,0
12780010,0.902502,1.102508,0,0,0,0,0
12780011,0.902502,1.102508,0,0,0,0,0
12780012,0.902502,1.102508,0,0,0,0,0
12780013,0.902502,1.102508,0,0,0,0,0
12780014,0.902502,1.102508,0,0,0,0,0
12780015,0.902502,1.102508,0,0,0,0,0
12780016,0.902502,1.102508,0,0,0,0,0
12780017,0.902502,1.102508,0,0,0,0,0
12780018,0.902502,1.102508,0,0,0,0,0
12780019,0.902502,1.102508,0,0,0,0,0
12780020,0.902502,1.102508,0,0,0,0,0
12780021,0.902502,1.102508,0,0,0,0,0
12780022,0.902502,1.102508,0,0,0,0,0
12780023,0.902502,1.102508,0,0,0,0,0
12780024,0.902502,1.102508,0,0,0,0,0
12780025,0.902502,1.102508,0,0,0,0,0
12780026,0.902502,1.102508,0,0,0,0,0
12780027,0.902502,1.102508,0,0,0,0,0
12780028,0.902502,1.102508,0,0,0,0,0
12780029,0.902502,1.102508,0,0,0,0,0
12780030,0.902502,1.102508,0,0,0,0,0
12780031,0.902502,1.102508,0,0,0,0,0
12780032,0.902502,1.102508,0,0,0,0,0
12780033,0.902502,1.102508,0,0,0,0,0
12780034,0.902502,1.102508,0,0,0,0,0
12780035,0.902502,1.102508,0,0,0,0,0
12780036,0.902502,1.102508,0,0,0,0,0
12780037,0.902502,1.102508,0,0,0,0,0
12780038,0.902502,1.102508,0,0,0,0,0
12780039,0.902502,1.102508,0,0,0,0,0
12780040,0.902502,1.102508,0,0,0,0,0
12780041,0.902502,1.102508,0,0,0,0,0
12780042,0.902502,1.102508,0,0,0,0,0
12780043,0.902502,1.102508,0,0,0,0,0
12780044,0.902502,1.102508,0,0,0,0,0
12780045,0.902502,1.102508,0,0,0,0,0
12780046,0.902502,1.102508,0,0,0,0,0
12780047,0.902502,1.102508,0,0,0,0,0
12780048,0.902502,1.102508,0,0,0,0,0
12780049,0.902502,1.102508,0,0,0,0,0
12780050,0.902502,1.102508,0,0,0,0,0
12780051,0.902502,1.102508,0,0,0,0,0
12780052,0.902502,1.102508,0,0,0,0,0
12780053,0.902502,1.102508,0,0,0,0,0
12780054,0.902502,1.102508,0,0,0,0,0
12780055,0.902502,1.102508,0,0,0,0,0
12940000,0.9025,1.1025,0,0,0,0,0
12940001,0.9025,1.1025,0,0,0,0,0
12940002,0.9025,1.1025,0,0,0,0,0
12940003,0.9025,1.1025,0,0,0,0,0
12940004,0.9025,1.1025,0,0,0,0,0
12940005,0.9025,1.1025,0,0,0,0,0
12940006,0.9025,1.1025,0,0,0,0,0
12940007,0.9025,1.1025,0,0,0,0,0
12940008,0.9025,1.1025,0,0,0,0,0
12940009,0.9025,1.1025,0,0,0,0,0
12940010,0.9025,1.1025,0,0,0,0,0
12940011,0.9025,1.1025,0,0,0,0,0
12940012,0.9025,1.1025,0,0,0,0,0
12940013,0.9025,1.1025,0,0,0,0,0
12940014,0.9025,1.1025,0,0,0,0,0
12940015,0.9025,1.1025,0,0,0,0,0
12940016,0.9025,1.1025,0,0,0,0,0
12940017,0.9025,1.1025,0,0,0,0,0
12940018,0.9025,1.1025,0,0,0,0,0
12940019,0.9025,1.1025,0,0,0,0,0
12940020,0.9025,1.1025,0,0,0,0,0
12940021,0.9025,1.1025,0,0,0,0,0
12940022,0.9025,1.1025,0,0,0,0,0
12940023,0.9025,1.1025,0,0,0,0,0
12940024,0.9025,1.1025,0,0,0,0,0
12940025,0.9025,1.1025,0,0,0,0,0
12970000,0.9025,1.1025,0,0,0,0,0
12970001,0.9025,1.1025,0,0,0,0,0
12970002,0.9025,1.1025,0,0,0,0,0
12970003,0.9025,1.1025,0,0,0,0,0
12970004,0.9025,1.1025,0,0,0,0,0
12970005,0.9025,1.1025,0,0,0,0,0
12970006,0.9025,1.1025,0,0,0,0,0
12970007,0.9025,1.1025,0,0,0,0,0
12970008,0.9025,1.1025,0,0,0,0,0
12970009,0.9025,1.1025,0,0,0,0,0
12970010,0.9025,1.1025,0,0,0,0,0
12970011,0.9025,1.1025,0,0,0,0,0
12970012,0.9025,1.1025,0,0,0,0,0
12970013,0.9025,1.1025,0,0,0,0,0
12970014,0.9025,1.1025,0,0,0,0,0
12970015,0.9025,1.1025,0,0,0,0,0
12970016,0.9025,1.1025,0,0,0,0,0
12970017,0.9025,1.1025,0,0,0,0,0
12970018,0.9025,1.1025,0,0,0,0,0
12970019,0.9025,1.1025,0,0,0,0,0
12970020,0.9025,1.1025,0,0,0,0,0
12970021,0.9025,1.1025,0,0,0,0,0
12970022,0.9025,1.1025,0,0,0,0,0
12970023,0.9025,1.1025,0,0,0,0,0
12970024,0.9025,1.1025,0,0,0,0,0
12970025,0.9025,1.1025,0,0,0,0,0
12980000,0.9025,1.1025,0,0,0,0,0
12980001,0.9025,1.1025,0,0,0,0,0
12980002,0.9025,1.1025,0,0,0,0,0
12980003,0.9025,1.1025,0,0,0,0,0
12980004,0.9025,1.1025,0,0,0,0,0
12980005,0.9025,1.1025,0,0,0,0,0
12980006,0.9025,1.1025,0,0,0,0,0
12980007,0.9025,1.1025,0,0,0,0,0
12980008,0.9025,1.1025,0,0,0,0,0
12980009,0.9025,1.1025,0,0,0,0,0
12980010,0.9025,1.1025,0,0,0,0,0
12980011,0.9025,1.1025,0,0,0,0,0
12980012,0.9025,1.1025,0,0,0,0,0
12980013,0.9025,1.1025,0,0,0,0,0
12980014,0.9025,1.1025,0,0,0,0,0
12980015,0.9025,1.1025,0,0,0,0,0
12980016,0.9025,1.1025,0,0,0,0,0
12980017,0.9025,1.1025,0,0,0,0,0
13010000,0.9025,1.1025,0,0,0,0,0
13010001,0.9025,1.1025,0,0,0,0,0
13010002,0.9025,1.1025,0,0,0,0,0
13010003,0.9025,1.1025,0,0,0,0,0
13010004,0.9025,1.1025,0,0,0,0,0
13010005,0.9025,1.1025,0,0,0,0,0
13010006,0.9025,1.1025,0,0,0,0,0
13010007,0.9025,1.1025,0,0,0,0,0
13010008,0.9025,1.1025,0,0,0,0,0
13010009,0.9025,1.1025,0,0,0,0,0
13010010,0.9025,1.1025,0,0,0,0,0
13010011,0.9025,1.1025,0,0,0,0,0
13010012,0.9025,1.1025,0,0,0,0,0
13010013,0.9025,1.1025,0,0,0,0,0
13010014,0.9025,1.1025,0,0,0,0,0
13010015,0.9025,1.1025,0,0,0,0,0
13010016,0.9025,1.1025,0,0,0,0,0
13010017,0.9025,1.1025,0,0,0,0,0
13010018,0.9025,1.1025,0,0,0,0,0
13010019,0.9025,1.1025,0,0,0,0,0
13010020,0.9025,1.1025,0,0,0,0,0
13010021,0.9025,1.1025,0,0,0,0,0
13010022,0.9025,1.1025,0,0,0,0,0
13060000,0.9025,1.1025,0,0,0,0,0
13060001,0.9025,1.1025,0,0,0,0,0
13060002,0.9025,1.1025,0,0,0,0,0
13060003,0.9025,1.1025,0,0,0,0,0
13060004,0.9025,1.1025,0,0,0,0,0
13060005,0.9025,1.1025,0,0,0,0,0
13060006,0.9025,1.1025,0,0,0,0,0
13060007,0.9025,1.1025,0,0,0,0,0
13060008,0.9025,1.1025,0,0,0,0,0
13060009,0.9025,1.1025,0,0,0,0,0
13060010,0.9025,1.1025,0,0,0,0,0
13060011,0.9025,1.1025,0,0,0,0,0
13060012,0.9025,1.1025,0,0,0,0,0
13060013,0.9025,1.1025,0,0,0,0,0
13060014,0.9025,1.1025,0,0,0,0,0
13060015,0.9025,1.1025,0,0,0,0,0
13060016,0.9025,1.1025,0,0,0,0,0
13060017,0.9025,1.1025,0,0,0,0,0
13060018,0.9025,1.1025,0,0,0,0,0
13060019,0.9025,1.1025,0,0,0,0,0
13060020,0.9025,1.1025,0,0,0,0,0
13060021,0.9025,1.1025,0,0,0,0,0
13060022,0.9025,1.1025,0,0,0,0,0
13060023,0.9025,1.1025,0,0,0,0,0
13060024,0.9025,1.1025,0,0,0,0,0
13060025,0.9025,1.1025,0,0,0,0,0
13130000,0.9025,1.1025,0,0,0,0,0
13130001,0.9025,1.1025,0,0,0,0,0
13130002,0.9025,1.1025,0,0,0,0,0
13130003,0.9025,1.1025,0,0,0,0,0
13130004,0.9025,1.1025,0,0,0,0,0
13130005,0.9025,1.1025,0,0,0,0,0
13130006,0.9025,1.1025,0,0,0,0,0
13130007,0.9025,1.1025,0,0,0,0,0
13130008,0.9025,1.1025,0,0,0,0,0
13130009,0.9025,1.1025,0,0,0,0,0
13130010,0.9025,1.1025,0,0,0,0,0
13130011,0.9025,1.1025,0,0,0,0,0
13130012,0.9025,1.1025,0,0,0,0,0
13130013,0.9025,1.1025,0,0,0,0,0
13130014,0.9025,1.1025,0,0,0,0,0
13130015,0.9025,1.1025,0,0,0,0,0
13130016,0.9025,1.1025,0,0,0,0,0
13130017,0.9025,1.1025,0,0,0,0,0
13130018,0.9025,1.1025,0,0,0,0,0
13130019,0.9025,1.1025,0,0,0,0,0
13130020,0.9025,1.1025,0,0,0,0,0
13130021,0.9025,1.1025,0,0,0,0,0
13130022,0.9025,1.1025,0,0,0,0,0
13130023,0.9025,1.1025,0,0,0,0,0
13130024,0.9025,1.1025,0,0,0,0,0
13130025,0.9025,1.1025,0,0,0,0,0
13130026,0.9025,1.1025,0,0,0,0,0
13130027,0.9025,1.1025,0,0,0,0,0
13130028,0.9025,1.1025,0,0,0,0,0
13130029,0.9025,1.1025,0,0,0,0,0
13130030,0.9025,1.1025,0,0,0,0,0
13130031,0.9025,1.1025,0,0,0,0,0
13130032,0.9025,1.1025,0,0,0,0,0
13140000,0.9025,1.1025,0,0,0,0,0
13140001,0.9025,1.1025,0,0,0,0,0
13140002,0.9025,1.1025,0,0,0,0,0
13140003,0.9025,1.1025,0,0,0,0,0
13140004,0.9025,1.1025,0,0,0,0,0
13140005,0.9025,1.1025,0,0,0,0,0
13140006,0.9025,1.1025,0,0,0,0,0
13140007,0.9025,1.1025,0,0,0,0,0
13140008,0.9025,1.1025,0,0,0,0,0
13140009,0.9025,1.1025,0,0,0,0,0
13140010,0.9025,1.1025,0,0,0,0,0
13140011,0.9025,1.1025,0,0,0,0,0
13140012,0.9025,1.1025,0,0,0,0,0
13140013,0.9025,1.1025,0,0,0,0,0
13140014,0.9025,1.1025,0,0,0,0,0
13140015,0.9025,1.1025,0,0,0,0,0
13140016,0.9025,1.1025,0,0,0,0,0
13140017,0.9025,1.1025,0,0,0,0,0
13140018,0.9025,1.1025,0,0,0,0,0
13140019,0.9025,1.1025,0,0,0,0,0
13330000,0.9025,1.1025,0,0,0,0,0
13330001,0.9025,1.1025,0,0,0,0,0
13330002,0.9025,1.1025,0,0,0,0,0
13330003,0.9025,1.1025,0,0,0,0,0
13330004,0.9025,1.1025,0,0,0,0,0
13330005,0.9025,1.1025,0,0,0,0,0
13330006,0.9025,1.1025,0,0,0,0,0
13330007,0.9025,1.1025,0,0,0,0,0
13330008,0.9025,1.1025,0,0,0,0,0
13330009,0.9025,1.1025,0,0,0,0,0
13330010,0.9025,1.1025,0,0,0,0,0
13330011,0.9025,1.1025,0,0,0,0,0
13330012,0.9025,1.1025,0,0,0,0,0
13330013,0.9025,1.1025,0,0,0,0,0
13330014,0.9025,1.1025,0,0,0,0,0
13330015,0.9025,1.1025,0,0,0,0,0
13330016,0.9025,1.1025,0,0,0,0,0
13330017,0.9025,1.1025,0,0,0,0,0
13330018,0.9025,1.1025,0,0,0,0,0
13330019,0.9025,1.1025,0,0,0,0,0
13330020,0.9025,1.1025,0,0,0,0,0
13330021,0.9025,1.1025,0,0,0,0,0
13330022,0.9025,1.1025,0,0,0,0,0
13560000,0.9025,1.1025,0,0,0,0,0
13560001,0.9025,1.1025,0,0,0,0,0
13560002,0.9025,1.1025,0,0,0,0,0
13560003,0.9025,1.1025,0,0,0,0,0
13560004,0.9025,1.1025,0,0,0,0,0
13560005,0.9025,1.1025,0,0,0,0,0
13560006,0.9025,1.1025,0,0,0,0,0
13560007,0.9025,1.1025,0,0,0,0,0
13560008,0.9025,1.1025,0,0,0,0,0
13560009,0.9025,1.1025,0,0,0,0,0
13560010,0.9025,1.1025,0,0,0,0,0
13560011,0.9025,1.1025,0,0,0,0,0
13560012,0.9025,1.1025,0,0,0,0,0
13560013,0.9025,1.1025,0,0,0,0,0
13560014,0.9025,1.1025,0,0,0,0,0
13560015,0.9025,1.1025,0,0,0,0,0
13560016,0.9025,1.1025,0,0,0,0,0
13560017,0.9025,1.1025,0,0,0,0,0
13560018,0.9025,1.1025,0,0,0,0,0
13560019,0.9025,1.1025,0,0,0,0,0
14070000,0.902502,1.102508,0,0,0,0,0
14070001,0.902502,1.102508,0,0,0,0,0
14070002,0.902502,1.102508,0,0,0,0,0
14070003,0.902502,1.102508,0,0,0,0,0
14070004,0.902502,1.102508,0,0,0,0,0
14070005,0.902502,1.102508,0,0,0,0,0
14070006,0.902502,1.102508,0,0,0,0,0
14070007,0.902502,1.102508,0,0,0,0,0
14070008,0.902502,1.102508,0,0,0,0,0
14070009,0.902502,1.102508,0,0,0,0,0
14070010,0.902502,1.102508,0,0,0,0,0
14070011,0.902502,1.102508,0,0,0,0,0
14070012,0.902502,1.102508,0,0,0,0,0
14070013,0.902502,1.102508,0,0,0,0,0
14070014,0.902502,1.102508,0,0,0,0,0
14070015,0.902502,1.102508,0,0,0,0,0
14070016,0.902502,1.102508,0,0,0,0,0
14070017,0.902502,1.102508,0,0,0,0,0
14070018,0.902502,1.102508,0,0,0,0,0
14070019,0.902502,1.102508,0,0,0,0,0
14070020,0.902502,1.102508,0,0,0,0,0
14070021,0.902502,1.102508,0,0,0,0,0
14070022,0.902502,1.102508,0,0,0,0,0
14070023,0.902502,1.102508,0,0,0,0,0
14070024,0.902502,1.102508,0,0,0,0,0
14070025,0.902502,1.102508,0,0,0,0,0
14070026,0.902502,1.102508,0,0,0,0,0
14070027,0.902502,1.102508,0,0,0,0,0
14070028,0.902502,1.102508,0,0,0,0,0
14070029,0.902502,1.102508,0,0,0,0,0
14070030,0.902502,1.102508,0,0,0,0,0
15810000,0.9025,1.1025,0,0,0,0,0
15810001,0.9025,1.1025,0,0,0,0,0
15810002,0.9025,1.1025,0,0,0,0,0
15810003,0.9025,1.1025,0,0,0,0,0
15810004,0.9025,1.1025,0,0,0,0,0
15810005,0.9025,1.1025,0,0,0,0,0
15810006,0.9025,1.1025,0,0,0,0,0
15810007,0.9025,1.1025,0,0,0,0,0
15810008,0.9025,1.1025,0,0,0,0,0
15810009,0.9025,1.1025,0,0,0,0,0
15810010,0.9025,1.1025,0,0,0,0,0
15810011,0.9025,1.1025,0,0,0,0,0
15810012,0.9025,1.1025,0,0,0,0,0
15810013,0.9025,1.1025,0,0,0,0,0
15810014,0.9025,1.1025,0,0,0,0,0
15810015,0.9025,1.1025,0,0,0,0,0
15810016,0.9025,1.1025,0,0,0,0,0
15810017,0.9025,1.1025,0,0,0,0,0
15810018,0.9025,1.1025,0,0,0,0,0
15810019,0.9025,1.1025,0,0,0,0,0
15810020,0.9025,1.1025,0,0,0,0,0
15810021,0.9025,1.1025,0,0,0,0,0
15810022,0.9025,1.1025,0,0,0,0,0
15810023,0.9025,1.1025,0,0,0,0,0
15810024,0.9025,1.1025,0,0,0,0,0
15810025,0.9025,1.1025,0,0,0,0,0
15900000,0.9025,1.1025,0,0,0,0,0
15900001,0.9025,1.1025,0,0,0,0,0
15900002,0.9025,1.1025,0,0,0,0,0
15900003,0.9025,1.1025,0,0,0,0,0
15900004,0.9025,1.1025,0,0,0,0,0
15900005,0.9025,1.1025,0,0,0,0,0
15900006,0.9025,1.1025,0,0,0,0,0
15900007,0.9025,1.1025,0,0,0,0,0
15900008,0.9025,1.1025,0,0,0,0,0
15900009,0.9025,1.1025,0,0,0,0,0
15900010,0.9025,1.1025,0,0,0,0,0
15900011,0.9025,1.1025,0,0,0,0,0
15900012,0.9025,1.1025,0,0,0,0,0
15900013,0.9025,1.1025,0,0,0,0,0
15900014,0.9025,1.1025,0,0,0,0,0
15900015,0.9025,1.1025,0,0,0,0,0
15900016,0.9025,1.1025,0,0,0,0,0
15900017,0.9025,1.1025,0,0,0,0,0
15900018,0.9025,1.1025,0,0,0,0,0
15900019,0.9025,1.1025,0,0,0,0,0
15900020,0.9025,1.1025,0,0,0,0,0
15900021,0.9025,1.1025,0,0,0,0,0
15900022,0.9025,1.1025,0,0,0,0,0
15900023,0.9025,1.1025,0,0,0,0,0
15900024,0.9025,1.1025,0,0,0,0,0
15900025,0.9025,1.1025,0,0,0,0,0
15950000,0.902502,1.102508,0,0,0,0,0
15950001,0.902502,1.102508,0,0,0,0,0
15950002,0.902502,1.102508,0,0,0,0,0
15950003,0.902502,1.102508,0,0,0,0,0
15950004,0.902502,1.102508,0,0,0,0,0
15950005,0.902502,1.102508,0,0,0,0,0
15950006,0.902502,1.102508,0,0,0,0,0
15950007,0.902502,1.102508,0,0,0,0,0
15950008,0.902502,1.102508,0,0,0,0,0
15950009,0.902502,1.102508,0,0,0,0,0
15950010,0.902502,1.102508,0,0,0,0,0
15950011,0.902502,1.102508,0,0,0,0,0
15950012,0.902502,1.102508,0,0,0,0,0
15950013,0.902502,1.102508,0,0,0,0,0
15950014,0.902502,1.102508,0,0,0,0,0
15950015,0.902502,1.102508,0,0,0,0,0
15950016,0.902502,1.102508,0,0,0,0,0
15950017,0.902502,1.102508,0,0,0,0,0
15950018,0.902502,1.102508,0,0,0,0,0
15950019,0.902502,1.102508,0,0,0,0,0
15950020,0.902502,1.102508,0,0,0,0,0
15950021,0.902502,1.102508,0,0,0,0,0
15950022,0.902502,1.102508,0,0,0,0,0
15950023,0.902502,1.102508,0,0,0,0,0
15950024,0.902502,1.102508,0,0,0,0,0
15950025,0.902502,1.102508,0,0,0,0,0
15950026,0.902502,1.102508,0,0,0,0,0
15950027,0.902502,1.102508,0,0,0,0,0
15950028,0.902502,1.102508,0,0,0,0,0
15950029,0.902502,1.102508,0,0,0,0,0
15950030,0.902502,1.102508,0,0,0,0,0
15950031,0.902502,1.102508,0,0,0,0,0
15950032,0.902502,1.102508,0,0,0,0,0
15950033,0.902502,1.102508,0,0,0,0,0
15950034,0.902502,1.102508,0,0,0,0,0
15950035,0.902502,1.102508,0,0,0,0,0
15950036,0.902502,1.102508,0,0,0,0,0
15950037,0.902502,1.102508,0,0,0,0,0
15950038,0.902502,1.102508,0,0,0,0,0
15950039,0.902502,1.102508,0,0,0,0,0
15950040,0.902502,1.102508,0,0,0,0,0
16050000,0.9025,1.1025,0,0,0,0,0
16050001,0.9025,1.1025,0,0,0,0,0
16050002,0.9025,1.1025,0,0,0,0,0
16050003,0.9025,1.1025,0,0,0,0,0
16050004,0.9025,1.1025,0,0,0,0,0
16050005,0.9025,1.1025,0,0,0,0,0
16050006,0.9025,1.1025,0,0,0,0,0
16050007,0.9025,1.1025,0,0,0,0,0
16050008,0.9025,1.1025,0,0,0,0,0
16050009,0.9025,1.1025,0,0,0,0,0
16050010,0.9025,1.1025,0,0,0,0,0
16050011,0.9025,1.1025,0,0,0,0,0
16050012,0.9025,1.1025,0,0,0,0,0
16050013,0.9025,1.1025,0,0,0,0,0
16050014,0.9025,1.1025,0,0,0,0,0
16050015,0.9025,1.1025,0,0,0,0,0
16050016,0.9025,1.1025,0,0,0,0,0
16050017,0.9025,1.1025,0,0,0,0,0
16050018,0.9025,1.1025,0,0,0,0,0
16050019,0.9025,1.1025,0,0,0,0,0
16050020,0.9025,1.1025,0,0,0,0,0
16050021,0.9025,1.1025,0,0,0,0,0
16050022,0.9025,1.1025,0,0,0,0,0
16050023,0.9025,1.1025,0,0,0,0,0
16050024,0.9025,1.1025,0,0,0,0,0
16050025,0.9025,1.1025,0,0,0,0,0
16060000,0.9025,1.1025,0,0,0,0,0
16060001,0.9025,1.1025,0,0,0,0,0
16060002,0.9025,1.1025,0,0,0,0,0
16060003,0.9025,1.1025,0,0,0,0,0
16060004,0.9025,1.1025,0,0,0,0,0
16060005,0.9025,1.1025,0,0,0,0,0
16060006,0.9025,1.1025,0,0,0,0,0
16060007,0.9025,1.1025,0,0,0,0,0
16060008,0.9025,1.1025,0,0,0,0,0
16060009,0.9025,1.1025,0,0,0,0,0
16060010,0.9025,1.1025,0,0,0,0,0
16060011,0.9025,1.1025,0,0,0,0,0
16060012,0.9025,1.1025,0,0,0,0,0
16060013,0.9025,1.1025,0,0,0,0,0
16060014,0.9025,1.1025,0,0,0,0,0
16060015,0.9025,1.1025,0,0,0,0,0
16060016,0.9025,1.1025,0,0,0,0,0
16060017,0.9025,1.1025,0,0,0,0,0
16060018,0.9025,1.1025,0,0,0,0,0
16060019,0.9025,1.1025,0,0,0,0,0
16060020,0.9025,1.1025,0,0,0,0,0
16060021,0.9025,1.1025,0,0,0,0,0
16060022,0.9025,1.1025,0,0,0,0,0
16070000,0.902502,1.102508,0,0,0,0,0
16070001,0.902502,1.102508,0,0,0,0,0
16070002,0.902502,1.102508,0,0,0,0,0
16070003,0.902502,1.102508,0,0,0,0,0
16070004,0.902502,1.102508,0,0,0,0,0
16070005,0.902502,1.102508,0,0,0,0,0
16070006,0.902502,1.102508,0,0,0,0,0
16070007,0.902502,1.102508,0,0,0,0,0
16070008,0.902502,1.102508,0,0,0,0,0
16070009,0.902502,1.102508,0,0,0,0,0
16070010,0.902502,1.102508,0,0,0,0,0
16070011,0.902502,1.102508,0,0,0,0,0
16070012,0.902502,1.102508,0,0,0,0,0
16070013,0.902502,1.102508,0,0,0,0,0
16070014,0.902502,1.102508,0,0,0,0,0
16070015,0.902502,1.102508,0,0,0,0,0
16070016,0.902502,1.102508,0,0,0,0,0
16070017,0.902502,1.102508,0,0,0,0,0
16070018,0.902502,1.102508,0,0,0,0,0
16070019,0.902502,1.102508,0,0,0,0,0
16070020,0.902502,1.102508,0,0,0,0,0
16070021,0.902502,1.102508,0,0,0,0,0
16070022,0.902502,1.102508,0,0,0,0,0
16070023,0.902502,1.102508,0,0,0,0,0
16070024,0.902502,1.102508,0,0,0,0,0
16070025,0.902502,1.102508,0,0,0,0,0
16070026,0.902502,1.102508,0,0,0,0,0
16070027,0.902502,1.102508,0,0,0,0,0
16070028,0.902502,1.102508,0,0,0,0,0
16070029,0.902502,1.102508,0,0,0,0,0
16070030,0.902502,1.102508,0,0,0,0,0
16070031,0.902502,1.102508,0,0,0,0,0
16070032,0.902502,1.102508,0,0,0,0,0
16070033,0.902502,1.102508,0,0,0,0,0
16070034,0.902502,1.102508,0,0,0,0,0
16310000,0.902494,1.102494,0,0,0,0,0
16310001,0.902494,1.102494,0,0,0,0,0
16310002,0.902494,1.102494,0,0,0,0,0
16310003,0.902494,1.102494,0,0,0,0,0
16310004,0.902494,1.102494,0,0,0,0,0
16310005,0.902494,1.102494,0,0,0,0,0
16310006,0.902494,1.102494,0,0,0,0,0
16310007,0.902494,1.102494,0,0,0,0,0
16310008,0.902494,1.102494,0,0,0,0,0
16310009,0.902494,1.102494,0,0,0,0,0
16310010,0.902494,1.102494,0,0,0,0,0
16310011,0.902494,1.102494,0,0,0,0,0
16310012,0.902494,1.102494,0,0,0,0,0
16310013,0.902494,1.102494,0,0,0,0,0
16310014,0.902494,1.102494,0,0,0,0,0
16310015,0.902494,1.102494,0,0,0,0,0
16310016,0.902494,1.102494,0,0,0,0,0
16310017,0.902494,1.102494,0,0,0,0,0
16310018,0.902494,1.102494,0,0,0,0,0
16310019,0.902494,1.102494,0,0,0,0,0
16310020,0.902494,1.102494,0,0,0,0,0
16310021,0.902494,1.102494,0,0,0,0,0
16310022,0.902494,1.102494,0,0,0,0,0
16310023,0.902494,1.102494,0,0,0,0,0
16310024,0.902494,1.102494,0,0,0,0,0
16310025,0.902494,1.102494,0,0,0,0,0
16310026,0.902494,1.102494,0,0,0,0,0