Node,QtBids,QBid,QBidSeg,forT,QuantityLoQ,PriceLoQ,QuantityHiQ,PriceHiQ,Xlb,Xub,AlphaOmegaSet,NoNewAct,status,QtyLoBis
1468,1,1,1,1,0,-36,-0.0137,-36,1,1,0,0,1,0
1468,2,2,2,1,0,36,0.0188,36,1,1,0,0,1,0
1537,3,3,3,1,0,-36,-0.0116,-36,1,1,0,0,1,0
1537,4,4,4,1,0,36,0.0152,36,1,1,0,0,1,0
10060114,5,5,5,1,0,-36,-0.0106,-36,1,1,0,0,1,0
10060114,6,6,6,1,0,36,0.011,36,1,1,0,0,1,0
1468,7,7,7,1,0,-4.7,-4.2758,-4.7,0,1,0,0,1,0
1468,7,7,8,1,0,-3,-21.3265,-3,0,1,0,0,1,-4.27579711
1537,8,11,16,1,0,-4.7,-14.901,-4.7,0,1,0,0,1,0
1537,8,11,17,1,0,-3,-58.5749,-3,0,1,0,0,1,-14.90101813
10150000,9,15,25,1,0,-4.7,-3.7975,-4.7,0,1,0,0,1,0
10150000,9,15,26,1,0,-3,-14.9921,-3,0,1,0,0,1,-3.797486491
10150010,10,19,33,1,0,-3,-0.12,-3,0,1,0,0,1,0
10150011,11,23,37,1,0,-3,-0.2463,-3,0,1,0,0,1,0
10150012,12,27,41,1,0,-3,-0.202,-3,0,1,0,0,1,0
10150013,13,31,45,1,0,-3,-0.0999,-3,0,1,0,0,1,0
10150014,14,35,49,1,0,-3,-0.052,-3,0,1,0,0,1,0
10150015,15,39,53,1,0,-4.7,-1.3808,-4.7,0,1,0,0,1,0
10150015,15,39,54,1,0,-3,-1.4801,-3,0,1,0,0,1,-1.380842257
10150016,16,43,61,1,0,-3,-0.0422,-3,0,1,0,0,1,0
10150017,17,47,65,1,0,-3,-0.2557,-3,0,1,0,0,1,0
10150018,18,51,69,1,0,-3,-0.3651,-3,0,1,0,0,1,0
10150019,19,55,73,1,0,-4.7,-0.2821,-4.7,0,1,0,0,1,0
10150019,19,55,74,1,0,-3,-0.5449,-3,0,1,0,0,1,-0.282149152
10150020,20,59,82,1,0,-3,-0.0739,-3,0,1,0,0,1,0
10150021,21,63,86,1,0,-4.7,-0.287,-4.7,0,1,0,0,1,0
10150021,21,63,87,1,0,-3,-0.3923,-3,0,1,0,0,1,-0.286982677
10150022,22,67,94,1,0,-3,-0.0534,-3,0,1,0,0,1,0
10150023,23,71,98,1,0,-3,-0.1105,-3,0,1,0,0,1,0
10150024,24,75,102,1,0,-4.7,-0.2923,-4.7,0,1,0,0,1,0
10150024,24,75,103,1,0,-3,-0.6608,-3,0,1,0,0,1,-0.292263723
10060000,25,79,110,1,0,-4.7,-1.1152,-4.7,0,1,0,0,1,0
10060000,25,79,111,1,0,-3,-9.3128,-3,0,1,0,0,1,-1.115194363
10060010,26,83,118,1,0,-3,-0.1174,-3,0,1,0,0,1,0
10060011,27,87,122,1,0,-3,-0.1336,-3,0,1,0,0,1,0
10060012,28,91,126,1,0,-3,-0.1417,-3,0,1,0,0,1,0
10060013,29,95,130,1,0,-3,-0.1181,-3,0,1,0,0,1,0
10060014,30,99,134,1,0,-3,-0.3416,-3,0,1,0,0,1,0
10060015,31,103,139,1,0,-3,-0.2644,-3,0,1,0,0,1,0
10060016,32,107,143,1,0,-3,-0.1141,-3,0,1,0,0,1,0
10060017,33,111,147,1,0,-3,-0.0676,-3,0,1,0,0,1,0
10060018,34,115,151,1,0,-3,-0.2809,-3,0,1,0,0,1,0
10060019,35,119,155,1,0,-3,-0.5683,-3,0,1,0,0,1,0
10060020,36,123,159,1,0,-4.7,-0.2906,-4.7,0,1,0,0,1,0
10060020,36,123,160,1,0,-3,-0.3364,-3,0,1,0,0,1,-0.290625736
10060021,37,127,167,1,0,-3,-0.0539,-3,0,1,0,0,1,0
10060022,38,131,171,1,0,-3,-0.1108,-3,0,1,0,0,1,0
10060023,39,135,175,1,0,-4.7,-0.292,-4.7,0,1,0,0,1,0
10060023,39,135,176,1,0,-3,-0.582,-3,0,1,0,0,1,-0.291994626
10060024,40,139,183,1,0,-3,-0.1793,-3,0,1,1,0,1,0
10060028,41,143,187,1,0,-3,-0.3387,-3,0,1,1,1,1,0
10060029,42,147,191,1,0,-3,-0.0541,-3,0,1,1,1,1,0
10060003,43,151,195,1,0,-3,-0.1918,-3,0,1,1,1,1,0
10060030,44,155,199,1,0,-3,-0.0982,-3,0,1,1,0,1,0
10060031,45,159,203,1,0,-3,-0.2244,-3,0,1,1,1,1,0
10060032,46,163,207,1,0,-3,-0.0603,-3,0,1,1,1,1,0
10060033,47,167,212,1,0,-3,-0.0739,-3,0,1,1,1,1,0
10060034,48,171,216,1,0,-3,-0.0872,-3,0,1,1,0,1,0
10060035,49,175,220,1,0,-3,-0.1694,-3,0,1,1,1,1,0
10060036,50,179,224,1,0,-3,-0.3249,-3,0,1,1,1,1,0
10060037,51,183,228,1,0,-3,-0.058,-3,0,1,1,1,1,0
10060038,52,187,232,1,0,-3,-0.124,-3,0,1,1,0,1,0
10060039,53,191,236,1,0,-3,-0.1675,-3,0,1,1,1,1,0
10060004,54,195,240,1,0,-3,-0.1448,-3,0,1,1,1,1,0
10060040,55,199,244,1,0,-4.7,-0.5211,-4.7,0,1,1,1,1,0
10060040,55,199,245,1,0,-3,-1.0222,-3,0,1,1,0,1,-0.521143191
10060041,56,203,252,1,0,-3,-0.2159,-3,0,1,1,1,1,0
10060042,57,207,256,1,0,-3,-0.0354,-3,0,1,1,1,1,0
10060043,58,211,260,1,0,-3,-0.0571,-3,0,1,1,1,1,0
10060044,59,215,264,1,0,-3,-0.1076,-3,0,1,1,0,1,0
10060045,60,219,268,1,0,-3,-0.4461,-3,0,1,1,1,1,0
10060046,61,223,272,1,0,-3,-0.264,-3,0,1,1,1,1,0
10060047,62,227,276,1,0,-3,-0.0987,-3,0,1,1,1,1,0
10060048,63,231,280,1,0,-3,-0.0518,-3,0,1,1,0,1,0
10060049,64,235,284,1,0,-4.7,-0.2919,-4.7,0,1,1,1,1,0
10060049,64,235,285,1,0,-3,-0.4199,-3,0,1,1,1,1,-0.291921501
10060005,65,239,292,1,0,-3,-0.2618,-3,0,1,1,1,1,0
10060050,66,243,296,1,0,-3,-0.1078,-3,0,1,1,0,1,0
10060051,67,247,300,1,0,-3,-0.0966,-3,0,1,1,1,1,0
10060052,68,251,304,1,0,-4.7,-0.9759,-4.7,0,1,1,1,1,0
10060052,68,251,305,1,0,-3,-1.2163,-3,0,1,1,1,1,-0.975883548
10060053,69,255,312,1,0,-3,-0.1,-3,0,1,0,0,1,0
10060054,70,259,316,1,0,-3,-0.24,-3,0,1,0,0,1,0
10060055,71,263,320,1,0,-3,-0.0598,-3,0,1,0,0,1,0
10060006,72,267,324,1,0,-3,-0.0319,-3,0,1,0,0,1,0
10060007,73,271,328,1,0,-3,-0.2115,-3,0,1,0,0,1,0
10060008,74,275,332,1,0,-3,-0.1102,-3,0,1,0,0,1,0
10060009,75,279,336,1,0,-3,-0.3427,-3,0,1,0,0,1,0
10060100,76,283,340,1,0,-4.7,-0.2919,-4.7,0,1,0,0,1,0
10060100,76,283,341,1,0,-3,-0.3878,-3,0,1,0,0,1,-0.291889326
10060101,77,287,348,1,0,-3,-0.3295,-3,0,1,0,0,1,0
10060102,78,291,352,1,0,-3,-0.152,-3,0,1,0,0,1,0
10060103,79,295,356,1,0,-3,-0.2742,-3,0,1,0,0,1,0
10060104,80,299,360,1,0,-3,-0.1111,-3,0,1,0,0,1,0
10060105,81,303,364,1,0,-3,-0.442,-3,0,1,0,0,1,0
10060106,82,307,368,1,0,-3,-0.1244,-3,0,1,0,0,1,0
10060107,83,311,372,1,0,-4.7,-0.2924,-4.7,0,1,0,0,1,0
10060107,83,311,373,1,0,-3,-0.6727,-3,0,1,0,0,1,-0.292380723
10060108,84,315,380,1,0,-3,-0.0547,-3,0,1,0,0,1,0
10060109,85,319,384,1,0,-3,-0.2645,-3,0,1,0,0,1,0
10060056,86,323,388,1,0,-4.7,-2.3666,-4.7,0,1,0,0,1,0
10060056,86,323,389,1,0,-3,-10.0354,-3,0,1,0,0,1,-2.366586692
10060057,87,327,397,1,0,-3,-0.2229,-3,0,1,0,0,1,0
10060058,88,331,401,1,0,-4.7,-0.2916,-4.7,0,1,0,0,1,0
10060058,88,331,402,1,0,-3,-0.3503,-3,0,1,0,0,1,-0.291567579
10060059,89,335,409,1,0,-3,-0.2995,-3,0,1,0,0,1,0
10060060,90,339,413,1,0,-3,-0.4221,-3,0,1,0,0,1,0
10060061,91,343,417,1,0,-3,-0.0475,-3,0,1,0,0,1,0
10060062,92,347,421,1,0,-3,-0.117,-3,0,1,0,0,1,0
10060063,93,351,425,1,0,-3,-0.2447,-3,0,1,0,0,1,0
10060064,94,355,429,1,0,-3,-0.122,-3,0,1,0,0,1,0
10060065,95,359,433,1,0,-3,-0.0556,-3,0,1,0,0,1,0
10060066,96,363,437,1,0,-4.7,-0.2527,-4.7,0,1,0,0,1,0
10060066,96,363,438,1,0,-3,-0.5209,-3,0,1,0,0,1,-0.252718031
10060067,97,367,445,1,0,-3,-0.1123,-3,0,1,0,0,1,0
10060068,98,371,449,1,0,-3,-0.0664,-3,0,1,0,0,1,0
10060069,99,375,453,1,0,-3,-0.1207,-3,0,1,0,0,1,0
10060070,100,379,458,1,0,-4.7,-0.2741,-4.7,0,1,0,0,1,0
10060070,100,379,459,1,0,-3,-0.4097,-3,0,1,0,0,1,-0.274070365
10060071,101,383,466,1,0,-3,-0.2375,-3,0,1,0,0,1,0
10060072,102,387,470,1,0,-3,-0.3506,-3,0,1,0,0,1,0
10060073,103,391,474,1,0,-3,-0.0497,-3,0,1,0,0,1,0
10060074,104,395,478,1,0,-3,-0.0453,-3,0,1,0,0,1,0
10060075,105,399,482,1,0,-4.7,-0.292,-4.7,0,1,0,0,1,0
10060075,105,399,483,1,0,-3,-0.486,-3,0,1,0,0,1,-0.291971226
10060076,106,403,490,1,0,-4.7,-0.2906,-4.7,0,1,0,0,1,0
10060076,106,403,491,1,0,-3,-0.4231,-3,0,1,0,0,1,-0.290625736
10060077,107,407,498,1,0,-3,-0.3193,-3,0,1,0,0,1,0
10060078,108,411,502,1,0,-3,-0.0785,-3,0,1,0,0,1,0
10060079,109,415,507,1,0,-3,-0.0669,-3,0,1,0,0,1,0
10060080,110,419,511,1,0,-3,-0.2599,-3,0,1,0,0,1,0
10060081,111,423,515,1,0,-3,-0.1287,-3,0,1,0,0,1,0
10060082,112,427,519,1,0,-3,-0.4187,-3,0,1,0,0,1,0
10060083,113,431,523,1,0,-4.7,-0.2924,-4.7,0,1,0,0,1,0
10060083,113,431,524,1,0,-3,-0.3959,-3,0,1,0,0,1,-0.292380723
10060084,114,435,531,1,0,-3,-0.2882,-3,0,1,0,0,1,0
10060085,115,439,535,1,0,-3,-0.2626,-3,0,1,0,0,1,0
10060086,116,443,539,1,0,-3,-0.0915,-3,0,1,0,0,1,0
10060087,117,447,543,1,0,-3,-0.1419,-3,0,1,0,0,1,0
10060088,118,451,547,1,0,-3,-0.1231,-3,0,1,0,0,1,0
10060089,119,455,551,1,0,-3,-0.0994,-3,0,1,0,0,1,0
10060090,120,459,555,1,0,-3,-0.2572,-3,0,1,0,0,1,0
10060091,121,463,559,1,0,-3,-0.2453,-3,0,1,0,0,1,0
10060092,122,467,563,1,0,-3,-0.1541,-3,0,1,0,0,1,0
10060093,123,471,567,1,0,-3,-0.3065,-3,0,1,0,0,1,0
10060094,124,475,572,1,0,-3,-0.1985,-3,0,1,0,0,1,0
10060095,125,479,576,1,0,-3,-0.0606,-3,0,1,0,0,1,0
10060096,126,483,580,1,0,-3,-0.1653,-3,0,1,0,0,1,0
10060097,127,487,584,1,0,-4.7,-0.292,-4.7,0,1,0,0,1,0
10060097,127,487,585,1,0,-3,-0.406,-3,0,1,0,0,1,-0.292029725
10060098,128,491,592,1,0,-3,-0.4733,-3,0,1,0,0,1,0
10060099,129,495,596,1,0,-3,-0.2319,-3,0,1,0,0,1,0
10060114,130,499,600,1,0,-4.7,-2.2768,-4.7,0,1,0,0,1,0
10060114,130,499,601,1,0,-3,-14.0326,-3,0,1,0,0,1,-2.27681104
10060121,131,503,609,1,0,-3,-0.1131,-3,0,1,0,0,1,0
10060122,132,507,614,1,0,-3,-0.0662,-3,0,1,0,0,1,0
10060123,133,511,618,1,0,-4.7,-0.6206,-4.7,0,1,0,0,1,0
10060123,133,511,619,1,0,-3,-0.8261,-3,0,1,0,0,1,-0.620633366
10060124,134,515,626,1,0,-3,-0.1857,-3,0,1,0,0,1,0
10060125,135,519,630,1,0,-3,-0.1049,-3,0,1,0,0,1,0
10060126,136,523,634,1,0,-3,-0.0614,-3,0,1,0,0,1,0
10060127,137,527,638,1,0,-3,-0.2153,-3,0,1,0,0,1,0
10060128,138,531,642,1,0,-3,-0.2357,-3,0,1,0,0,1,0
10060129,139,535,646,1,0,-3,-0.1698,-3,0,1,0,0,1,0
10060130,140,539,650,1,0,-3,-0.0544,-3,0,1,0,0,1,0
10060131,141,543,654,1,0,-3,-0.27,-3,0,1,0,0,1,0
10060132,142,547,658,1,0,-4.7,-0.2339,-4.7,0,1,0,0,1,0
10060132,142,547,659,1,0,-3,-0.2568,-3,0,1,0,0,1,-0.233904578
10060133,143,551,666,1,0,-3,-0.183,-3,0,1,0,0,1,0
10060134,144,555,670,1,0,-3,-0.1491,-3,0,1,0,0,1,0
10060135,145,559,674,1,0,-3,-0.1473,-3,0,1,0,0,1,0
10060136,146,563,678,1,0,-3,-0.1222,-3,0,1,0,0,1,0
10060137,147,567,682,1,0,-3,-0.3172,-3,0,1,0,0,1,0
10060138,148,571,687,1,0,-3,-0.1778,-3,0,1,0,0,1,0
10060139,149,575,691,1,0,-3,-0.1085,-3,0,1,0,0,1,0
10060140,150,579,695,1,0,-3,-0.0722,-3,0,1,0,0,1,0
10060141,151,583,699,1,0,-3,-0.2524,-3,0,1,0,0,1,0
10060142,152,587,703,1,0,-3,-0.1716,-3,0,1,0,0,1,0
10060143,153,591,707,1,0,-3,-0.3037,-3,0,1,0,0,1,0
10060144,154,595,711,1,0,-3,-0.1449,-3,0,1,0,0,1,0
10060145,155,599,715,1,0,-3,-0.2838,-3,0,1,0,0,1,0
10060146,156,603,719,1,0,-3,-0.045,-3,0,1,0,0,1,0
10060147,157,607,723,1,0,-3,-0.497,-3,0,1,0,0,1,0
10060148,158,611,727,1,0,-3,-0.2057,-3,0,1,0,0,1,0
10150000,159,615,731,1,0,50,0.2664,50,0,1,0,0,1,0
1537,160,619,735,1,0,50,0.4196,50,0,1,0,0,1,0
1537,160,619,736,1,0,-50,-0.2194,-50,0,1,0,0,1,0
10060056,161,623,743,1,0,50,0.021,50,0,1,0,0,1,0
10060131,162,627,747,1,0,50,0.849,50,0,1,0,0,1,0
1537,163,631,751,1,0,50,0.2203,50,0,1,0,0,1,0
1537,163,631,752,1,0,-50,-0.4367,-50,0,1,0,0,1,0
1537,164,635,759,1,0,50,0.1966,50,0,1,0,0,1,0
1537,164,635,760,1,0,-50,-0.1028,-50,0,1,0,0,1,0
1537,165,639,767,1,0,50,0.1207,50,0,1,0,0,1,0
1537,165,639,768,1,0,-50,-0.2393,-50,0,1,0,0,1,0
10060139,166,643,775,1,0,50,0.1224,50,0,1,0,0,1,0
10060114,167,647,779,1,0,50,0.3,50,0,1,0,0,1,0
10060137,168,651,783,1,0,50,0.0413,50,0,1,0,0,1,0
10060137,168,651,784,1,0,-50,-0.0817,-50,0,1,0,0,1,0
10150020,169,655,791,1,0,50,0.196,50,0,1,0,0,1,0
10150020,169,655,792,1,0,-50,-0.1025,-50,0,1,0,0,1,0
10150000,170,659,799,1,0,50,0.1001,50,0,1,0,0,1,0
10150000,170,659,800,1,0,-50,-0.1984,-50,0,1,0,0,1,0
1537,171,663,807,1,0,50,0.1001,50,0,1,0,0,1,0
1537,171,663,808,1,0,-50,-0.1984,-50,0,1,0,0,1,0
1537,172,667,815,1,0,50,0.196,50,0,1,0,0,1,0
1537,172,667,816,1,0,-50,-0.1025,-50,0,1,0,0,1,0
10060056,173,671,823,1,0,50,0.2994,50,0,1,0,0,1,0
1468,174,675,827,1,0,50,0.0784,50,0,1,0,0,1,0
1468,174,675,828,1,0,-50,-0.041,-50,0,1,0,0,1,0
10150000,175,679,835,1,0,50,0.0015,50,0,1,0,0,1,0
10150000,175,679,836,1,0,-50,-0.003,-50,0,1,0,0,1,0
1537,176,683,843,1,0,50,0.0207,50,0,1,0,0,1,0
10150000,177,687,847,1,0,50,0.0138,50,0,1,0,0,1,0
10150000,177,687,848,1,0,-50,-0.0072,-50,0,1,0,0,1,0
1468,178,691,855,1,0,50,0.0017,50,0,1,0,0,1,0
10060056,179,695,859,1,0,50,0.0027,50,0,1,0,0,1,0
10060114,180,699,863,1,0,50,0.002,50,0,1,0,0,1,0
10060114,180,699,864,1,0,-50,-0.001,-50,0,1,0,0,1,0
10060114,181,703,871,1,0,50,0.006,50,0,1,0,0,1,0
1468,182,707,875,1,0,50,0.0032,50,0,1,0,0,1,0
1468,182,707,876,1,0,-50,-0.0064,-50,0,1,0,0,1,0
10060093,183,711,883,1,0,50,0.0128,50,0,1,0,0,1,0
10060093,183,711,884,1,0,-50,-0.0067,-50,0,1,0,0,1,0
10060105,184,715,891,1,0,50,0.648,50,0,1,0,0,1,0
10060114,185,719,895,1,0,50,0.0015,50,0,1,0,0,1,0
10060114,186,723,899,1,0,-50,-0.0011,-50,0,1,0,0,1,0
10060146,187,727,903,1,0,50,0.001,50,0,1,0,0,1,0
10060146,187,727,904,1,0,-50,-0.002,-50,0,1,1,0,1,0
10060073,188,731,911,1,0,50,0.002,50,0,1,1,1,1,0
10060073,188,731,912,1,0,-50,-0.001,-50,0,1,1,1,1,0
10060060,189,735,919,1,0,50,0.027,50,0,1,1,1,1,0
10060056,190,739,923,1,0,-50,-0.0011,-50,0,1,1,0,1,0
1468,191,743,927,1,0,50,0.4815,50,0,1,1,1,1,0
1537,192,747,931,1,0,50,0.0015,50,0,1,1,1,1,0
1537,194,755,935,1,0,-50,-0.0011,-50,0,1,1,1,1,0
1537,195,759,939,1,0,50,0.0017,50,0,1,1,0,1,0
10150000,196,763,943,1,0,-50,-0.0011,-50,0,1,1,1,1,0
10150000,197,767,947,1,0,50,0.0017,50,0,1,1,1,1,0
1537,198,771,951,1,0,50,0.0132,50,0,1,1,1,1,0
1537,199,775,955,1,0,50,1.1664,50,0,1,1,0,1,0
1743,200,779,959,1,0,-67.0135,-749.85,-67.0135,0,1,1,1,1,0
10060000,201,783,963,1,0,-58.1676,-1.15,-58.1676,0,1,1,1,1,0
10060114,202,787,967,1,0,-59.8911,-0.16,-59.8911,0,1,1,1,1,0
10150000,203,791,971,1,0,-60.6575,-0.989,-60.6575,0,1,1,0,1,0
1537,204,795,975,1,0,-58.884,-0.999,-58.884,0,1,1,1,1,0
1537,205,799,979,1,0,-59.754,-2.322,-59.754,0,1,1,1,1,0
10060099,206,803,983,1,0,-62.8913,-1.05,-62.8913,0,1,1,1,1,0
10060000,207,807,987,1,0,-55.8124,-0.96,-55.8124,0,1,1,0,1,0
1537,208,811,991,1,0,-59.4138,-0.995,-59.4138,0,1,1,1,1,0
10150019,209,815,995,1,0,-58.2403,-0.995,-58.2403,0,1,1,1,1,0
10150000,210,819,999,1,0,-60.5563,-0.995,-60.5563,0,1,1,1,1,0
1537,211,823,1003,1,0,-59.0384,-0.04,-59.0384,0,1,1,0,1,0
1537,212,827,1007,1,0,-58.8418,-0.096,-58.8418,0,1,1,1,1,0
1537,213,831,1011,1,0,-67.9256,-0.044,-67.9256,0,1,1,1,1,0
1537,214,835,1015,1,0,-57.4917,-0.36,-57.4917,0,1,1,1,1,0
10060000,215,839,1019,1,0,-67.2916,-0.63,-67.2916,0,1,1,0,1,0
10060056,216,843,1023,1,0,-58.2718,-0.14,-58.2718,0,1,1,1,1,0
10060056,218,851,1027,1,0,-63.2504,-0.0481,-63.2504,0,1,1,1,1,0
10060077,219,855,1031,1,0,-63.7279,-1.718,-63.7279,0,1,1,1,1,0
10060021,220,859,1035,1,0,-61.1398,-0.01,-61.1398,0,1,0,0,1,0
10060039,221,863,1039,1,0,-59.318,-0.14,-59.318,0,1,0,0,1,0
1537,222,867,1043,1,0,-64.3015,-0.2,-64.3015,0,1,0,0,1,0
10150000,223,871,1047,1,0,72.228,3.6,72.228,0,1,0,0,1,0
1537,224,875,1051,1,0,-61.9702,-0.035,-61.9702,0,1,0,0,1,0
10150000,225,879,1055,1,0,-63.0583,-0.36,-63.0583,0,1,0,0,1,0
1537,226,883,1059,1,0,-59.3854,-0.03,-59.3854,0,1,0,0,1,0
1537,227,887,1063,1,0,-65.252,-0.03,-65.252,0,1,0,0,1,0
1537,228,891,1067,1,0,-62.1238,-0.06,-62.1238,0,1,0,0,1,0
1537,229,895,1071,1,0,-62.2119,-0.06,-62.2119,0,1,0,0,1,0
1468,230,899,1075,1,0,-58.7235,-1.5948,-58.7235,0,1,0,0,1,0
1468,230,899,1076,1,0,78.7235,1.0803,78.7235,0,1,0,0,1,0
1537,231,903,1083,1,0,-58.7235,-1.8166,-58.7235,0,1,0,0,1,0
1537,231,903,1084,1,0,78.7235,0.9698,78.7235,0,1,0,0,1,0
10060014,232,907,1091,1,0,-58.7235,-0.1036,-58.7235,0,1,0,0,1,0
10060014,232,907,1092,1,0,78.7235,0.0675,78.7235,0,1,0,0,1,0
10060032,233,911,1099,1,0,-58.7235,-0.109,-58.7235,0,1,0,0,1,0
10060032,233,911,1100,1,0,78.7235,0.0733,78.7235,0,1,0,0,1,0
10060056,234,915,1107,1,0,-58.7235,-0.7003,-58.7235,0,1,0,0,1,0
10060056,234,915,1108,1,0,78.7235,0.4827,78.7235,0,1,0,0,1,0
10060069,235,919,1115,1,0,-58.7235,-0.1728,-58.7235,0,1,0,0,1,0
10060069,235,919,1116,1,0,78.7235,0.1317,78.7235,0,1,0,0,1,0
10060078,236,923,1123,1,0,-58.7235,-0.0799,-58.7235,0,1,0,0,1,0
10060078,236,923,1124,1,0,78.7235,0.0636,78.7235,0,1,0,0,1,0
10060093,237,927,1131,1,0,-58.7235,-0.2236,-58.7235,0,1,0,0,1,0
10060093,237,927,1132,1,0,78.7235,0.1314,78.7235,0,1,0,0,1,0
10060114,238,931,1139,1,0,-58.7235,-0.6474,-58.7235,0,1,0,0,1,0
10060114,238,931,1140,1,0,78.7235,0.5001,78.7235,0,1,0,0,1,0
10060128,239,935,1147,1,0,-58.7235,-0.1473,-58.7235,0,1,0,0,1,0
10060128,239,935,1148,1,0,78.7235,0.1154,78.7235,0,1,0,0,1,0
10060139,240,939,1155,1,0,-58.7235,-0.1372,-58.7235,0,1,0,0,1,0
10060139,240,939,1156,1,0,78.7235,0.1079,78.7235,0,1,0,0,1,0
10150010,241,943,1163,1,0,-58.7235,-0.0116,-58.7235,0,1,0,0,1,0
10150010,241,943,1164,1,0,78.7235,0.006,78.7235,0,1,0,0,1,0
10150013,242,947,1171,1,0,-58.7235,-0.0168,-58.7235,0,1,0,0,1,0
10150013,242,947,1172,1,0,78.7235,0.0064,78.7235,0,1,0,0,1,0
10150014,243,951,1179,1,0,-58.7235,-0.0285,-58.7235,0,1,0,0,1,0
10150014,243,951,1180,1,0,78.7235,0.0022,78.7235,0,1,0,0,1,0
10150018,244,955,1187,1,0,-58.7235,-0.006,-58.7235,0,1,0,0,1,0
10150018,244,955,1188,1,0,78.7235,0,78.7235,0,1,0,0,1,0
10150020,245,959,1195,1,0,-58.7235,-0.0116,-58.7235,0,1,0,0,1,0
10150020,245,959,1196,1,0,78.7235,0.0032,78.7235,0,1,0,0,1,0
10150022,246,963,1203,1,0,-58.7235,-0.012,-58.7235,0,1,0,0,1,0
10150022,246,963,1204,1,0,78.7235,0,78.7235,0,1,0,0,1,0
1468,247,967,1211,1,0,10.9407,-0.2655,10.9407,1,1,0,0,1,0
1468,248,971,1215,1,0,28.5801,0.1395,28.5801,1,1,0,0,1,0
1468,249,975,1219,1,0,10.9407,-0.2655,10.9407,1,1,0,0,1,0
1468,250,979,1223,1,0,36.8183,0.1395,36.8183,1,1,0,0,1,0
1468,251,983,1227,1,0,10.9407,-0.2655,10.9407,1,1,0,0,1,0
1468,252,987,1231,1,0,45.6836,0.1395,45.6836,1,1,0,0,1,0
1468,253,991,1235,1,0,79.6642,-0.2655,79.6642,1,1,0,0,1,0
1468,254,995,1239,1,0,79.7988,0.1395,79.7988,1,1,0,0,1,0
1537,255,999,1243,1,0,10.5665,-0.2998,10.5665,1,1,0,0,1,0
1537,256,1003,1247,1,0,27.3814,0.1652,27.3814,1,1,0,0,1,0
1537,257,1007,1251,1,0,10.5665,-0.2998,10.5665,1,1,0,0,1,0
1537,258,1011,1255,1,0,35.4119,0.1652,35.4119,1,1,0,0,1,0
1537,259,1015,1259,1,0,10.5665,-0.2998,10.5665,1,1,0,0,1,0
1537,260,1019,1263,1,0,44.1187,0.1652,44.1187,1,1,0,0,1,0
1537,261,1023,1267,1,0,79.29,-0.2998,79.29,1,1,0,0,1,0
1537,262,1027,1271,1,0,79.2828,0.1652,79.2828,1,1,0,0,1,0
10150012,263,1031,1275,1,0,7.9302,-0.0019,7.9302,1,1,0,0,1,0
10150012,264,1033,1277,1,0,76.6537,0.0011,76.6537,1,1,0,0,1,0
10150012,265,1034,1278,1,0,7.9302,-0.0019,7.9302,1,1,0,0,1,0
10150012,266,1038,1282,1,0,34.5358,0.0011,34.5358,1,1,0,0,1,0
10150012,267,1041,1285,1,0,7.9302,-0.0019,7.9302,1,1,0,0,1,0
10150012,268,1045,1289,1,0,38.504,0.0011,38.504,1,1,0,0,1,0
10150012,269,1049,1293,1,0,76.6537,-0.0019,76.6537,1,1,0,0,1,0
10150012,270,1053,1297,1,0,76.6537,0.0011,76.6537,1,1,0,0,1,0
10150015,271,1057,1301,1,0,7.8539,-0.0019,7.8539,1,1,0,0,1,0
10150015,272,1059,1303,1,0,76.5774,0.0011,76.5774,1,1,0,0,1,0
10150015,273,1060,1304,1,0,7.8539,-0.0019,7.8539,1,1,0,0,1,0
10150015,274,1064,1308,1,0,30.8937,0.0011,30.8937,1,1,0,0,1,0
10150015,275,1067,1311,1,0,7.8539,-0.0019,7.8539,1,1,0,0,1,0
10150015,276,1071,1315,1,0,37.4301,0.0011,37.4301,1,1,0,0,1,0
10150015,277,1075,1319,1,0,76.5774,-0.0019,76.5774,1,1,0,0,1,0
10150015,278,1079,1323,1,0,76.5774,0.0011,76.5774,1,1,0,0,1,0
10150019,279,1083,1327,1,0,10.0803,-0.0064,10.0803,1,1,0,0,1,0
10150019,280,1085,1329,1,0,33.1311,0.0036,33.1311,1,1,0,0,1,0
10150019,281,1087,1331,1,0,10.0803,-0.0064,10.0803,1,1,0,0,1,0
10150019,282,1091,1335,1,0,38.9225,0.0036,38.9225,1,1,0,0,1,0
10150019,283,1094,1338,1,0,10.0803,-0.0064,10.0803,1,1,0,0,1,0
10150019,284,1098,1342,1,0,43.6264,0.0036,43.6264,1,1,0,0,1,0
10150019,285,1102,1346,1,0,78.8039,-0.0064,78.8039,1,1,0,0,1,0
10150019,286,1106,1350,1,0,78.5976,0.0036,78.5976,1,1,0,0,1,0
10060014,287,1110,1354,1,0,10.4702,-0.0155,10.4702,1,1,1,0,1,0
10060014,288,1113,1357,1,0,34.9661,0.0075,34.9661,1,1,1,1,1,0
10060014,289,1115,1359,1,0,10.4702,-0.0155,10.4702,1,1,1,1,1,0
10060014,290,1119,1363,1,0,41.0143,0.0075,41.0143,1,1,1,0,1,0
10060014,291,1122,1366,1,0,10.4702,-0.0155,10.4702,1,1,1,1,1,0
10060014,292,1126,1370,1,0,45.4665,0.0075,45.4665,1,1,1,0,1,0
10060014,293,1130,1374,1,0,79.1937,-0.0155,79.1937,1,1,1,1,1,0
10060014,294,1134,1378,1,0,79.1346,0.0075,79.1346,1,1,1,1,1,0
10060032,295,1138,1382,1,0,10.2042,-0.0224,10.2042,1,1,1,1,1,0
10060032,296,1142,1386,1,0,33.289,0.0116,33.289,1,1,1,0,1,0
10060032,297,1144,1388,1,0,10.2042,-0.0224,10.2042,1,1,1,1,1,0
10060032,298,1148,1392,1,0,34.5789,0.0116,34.5789,1,1,1,1,1,0
10060032,299,1152,1396,1,0,10.2042,-0.0224,10.2042,1,1,1,0,1,0
10060032,300,1156,1400,1,0,43.3933,0.0116,43.3933,1,1,1,1,1,0
10060032,301,1160,1404,1,0,78.9277,-0.0224,78.9277,1,1,1,1,1,0
10060032,302,1164,1408,1,0,79.0495,0.0116,79.0495,1,1,1,1,1,0
10060056,303,1168,1412,1,0,10.6367,-0.0895,10.6367,1,1,1,0,1,0
10060056,304,1172,1416,1,0,28.3875,0.0455,28.3875,1,1,1,1,1,0
10060056,305,1176,1420,1,0,10.6367,-0.0895,10.6367,1,1,1,1,1,0
10060056,306,1180,1424,1,0,36.5437,0.0455,36.5437,1,1,1,1,1,0
10060056,307,1184,1428,1,0,10.6367,-0.0895,10.6367,1,1,1,0,1,0
10060056,308,1188,1432,1,0,45.423,0.0455,45.423,1,1,1,1,1,0
10060056,309,1192,1436,1,0,79.3603,-0.0895,79.3603,1,1,1,1,1,0
10060056,310,1196,1440,1,0,79.5297,0.0455,79.5297,1,1,1,1,1,0
10060069,311,1200,1444,1,0,11.1569,-0.0228,11.1569,1,1,1,0,1,0
10060069,312,1204,1448,1,0,36.6205,0.0122,36.6205,1,1,1,1,1,0
10060069,313,1206,1450,1,0,11.1569,-0.0228,11.1569,1,1,1,1,1,0
10060069,314,1210,1454,1,0,37.1359,0.0122,37.1359,1,1,1,1,1,0
10060069,315,1214,1458,1,0,11.1569,-0.0228,11.1569,1,1,0,0,1,0
10060069,316,1218,1462,1,0,46.1434,0.0122,46.1434,1,1,0,0,1,0
10060069,317,1222,1466,1,0,79.8805,-0.0228,79.8805,1,1,0,0,1,0
10060069,318,1226,1470,1,0,80.1094,0.0122,80.1094,1,1,0,0,1,0
10060078,319,1230,1474,1,0,10.0724,-0.0429,10.0724,1,1,0,0,1,0
10060078,320,1234,1478,1,0,29.1777,0.0211,29.1777,1,1,0,0,1,0
10060078,321,1237,1481,1,0,10.0724,-0.0429,10.0724,1,1,0,0,1,0
10060078,322,1241,1485,1,0,34.0365,0.0211,34.0365,1,1,0,0,1,0
10060078,323,1245,1489,1,0,10.0724,-0.0429,10.0724,1,1,0,0,1,0
10060078,324,1249,1493,1,0,42.4948,0.0211,42.4948,1,1,0,0,1,0
10060078,325,1253,1497,1,0,78.7959,-0.0429,78.7959,1,1,0,0,1,0
10060078,326,1257,1501,1,0,78.909,0.0211,78.909,1,1,0,0,1,0
10060093,327,1261,1505,1,0,10.8965,-0.0247,10.8965,1,1,0,0,1,0
10060093,328,1265,1509,1,0,33.8459,0.0133,33.8459,1,1,0,0,1,0
10060093,329,1267,1511,1,0,10.8965,-0.0247,10.8965,1,1,0,0,1,0
10060093,330,1271,1515,1,0,35.2437,0.0133,35.2437,1,1,0,0,1,0
10060093,331,1275,1519,1,0,10.8965,-0.0247,10.8965,1,1,0,0,1,0
10060093,332,1279,1523,1,0,43.905,0.0133,43.905,1,1,0,0,1,0
10060093,333,1283,1527,1,0,79.62,-0.0247,79.62,1,1,0,0,1,0
10060093,334,1287,1531,1,0,79.6442,0.0133,79.6442,1,1,0,0,1,0
10060114,335,1291,1535,1,0,10.9935,-0.1553,10.9935,1,1,0,0,1,0
10060114,336,1295,1539,1,0,28.3894,0.0817,28.3894,1,1,0,0,1,0
10060114,337,1299,1543,1,0,10.9935,-0.1553,10.9935,1,1,0,0,1,0
10060114,338,1303,1547,1,0,36.5515,0.0817,36.5515,1,1,0,0,1,0
10060114,339,1307,1551,1,0,10.9935,-0.1553,10.9935,1,1,0,0,1,0
10060114,340,1311,1555,1,0,45.4611,0.0817,45.4611,1,1,0,0,1,0
10060114,341,1315,1559,1,0,79.7171,-0.1553,79.7171,1,1,0,0,1,0
10060114,342,1319,1563,1,0,79.8505,0.0817,79.8505,1,1,0,0,1,0
10060128,343,1323,1567,1,0,10.7921,-0.0249,10.7921,1,1,0,0,1,0
10060128,344,1327,1571,1,0,34.58,0.0131,34.58,1,1,0,0,1,0
10060128,345,1329,1573,1,0,10.7921,-0.0249,10.7921,1,1,0,0,1,0
10060128,346,1333,1577,1,0,35.8502,0.0131,35.8502,1,1,0,0,1,0
10060128,347,1337,1581,1,0,10.7921,-0.0249,10.7921,1,1,0,0,1,0
10060128,348,1341,1585,1,0,44.5604,0.0131,44.5604,1,1,0,0,1,0
10060128,349,1345,1589,1,0,79.5157,-0.0249,79.5157,1,1,0,0,1,0
10060128,350,1349,1593,1,0,79.5975,0.0131,79.5975,1,1,0,0,1,0
10060139,351,1353,1597,1,0,9.8913,-0.0158,9.8913,1,1,0,0,1,0
10060139,352,1356,1600,1,0,33.037,0.0082,33.037,1,1,0,0,1,0
10060139,353,1358,1602,1,0,9.8913,-0.0158,9.8913,1,1,0,0,1,0
10060139,354,1362,1606,1,0,33.7389,0.0082,33.7389,1,1,0,0,1,0
10060139,355,1366,1610,1,0,9.8913,-0.0158,9.8913,1,1,0,0,1,0
10060139,356,1370,1614,1,0,42.8488,0.0082,42.8488,1,1,0,0,1,0
10060139,357,1374,1618,1,0,78.6148,-0.0158,78.6148,1,1,0,0,1,0
10060139,358,1378,1622,1,0,78.7926,0.0082,78.7926,1,1,0,0,1,0
1468,7,8,9,2,0,-4.7,-4.6739,-4.7,0,1,0,0,1,0
1468,7,8,10,2,0,-3,-23.3087,-3,0,1,0,0,1,-4.67386015
1537,8,12,18,2,0,-4.7,-16.2883,-4.7,0,1,0,0,1,0
1537,8,12,19,2,0,-3,-64.0269,-3,0,1,0,0,1,-16.28825527
10150000,9,16,27,2,0,-4.7,-4.151,-4.7,0,1,0,0,1,0
10150000,9,16,28,2,0,-3,-16.3851,-3,0,1,0,0,1,-4.151020342
10150010,10,20,34,2,0,-3,-0.1312,-3,0,1,0,0,1,0
10150011,11,24,38,2,0,-3,-0.2692,-3,0,1,0,0,1,0
10150012,12,28,42,2,0,-3,-0.2208,-3,0,1,0,0,1,0
10150013,13,32,46,2,0,-3,-0.1092,-3,0,1,0,0,1,0
10150014,14,36,50,2,0,-3,-0.0568,-3,0,1,0,0,1,0
10150015,15,40,55,2,0,-4.7,-1.5094,-4.7,0,1,0,0,1,0
10150015,15,40,56,2,0,-3,-1.6179,-3,0,1,0,0,1,-1.509394256
10150016,16,44,62,2,0,-3,-0.0462,-3,0,1,0,0,1,0
10150017,17,48,66,2,0,-3,-0.2795,-3,0,1,0,0,1,0
10150018,18,52,70,2,0,-3,-0.3991,-3,0,1,0,0,1,0
10150019,19,56,75,2,0,-4.7,-0.3084,-4.7,0,1,0,0,1,0
10150019,19,56,76,2,0,-3,-0.5956,-3,0,1,0,0,1,-0.308416336
10150020,20,60,83,2,0,-3,-0.0807,-3,0,1,0,0,1,0
10150021,21,64,88,2,0,-4.7,-0.3137,-4.7,0,1,0,0,1,0
10150021,21,64,89,2,0,-3,-0.4289,-3,0,1,0,0,1,-0.313699847
10150022,22,68,95,2,0,-3,-0.0584,-3,0,1,0,0,1,0
10150023,23,72,99,2,0,-3,-0.1208,-3,0,1,0,0,1,0
10150024,24,76,104,2,0,-4.7,-0.3195,-4.7,0,1,0,0,1,0
10150024,24,76,105,2,0,-3,-0.7223,-3,0,1,0,0,1,-0.319472542
10060000,25,80,112,2,0,-4.7,-1.219,-4.7,0,1,0,0,1,0
10060000,25,80,113,2,0,-3,-10.1779,-3,0,1,0,0,1,-1.219015393
10060010,26,84,119,2,0,-3,-0.1284,-3,0,1,0,0,1,0
10060011,27,88,123,2,0,-3,-0.146,-3,0,1,0,0,1,0
10060012,28,92,127,2,0,-3,-0.1549,-3,0,1,0,0,1,0
10060013,29,96,131,2,0,-3,-0.1291,-3,0,1,0,0,1,0
10060014,30,100,135,2,0,-3,-0.3734,-3,0,1,0,0,1,0
10060015,31,104,140,2,0,-3,-0.2891,-3,0,1,0,0,1,0
10060016,32,108,144,2,0,-3,-0.1248,-3,0,1,0,0,1,0
10060017,33,112,148,2,0,-3,-0.0739,-3,0,1,0,0,1,0
10060018,34,116,152,2,0,-3,-0.307,-3,0,1,0,0,1,0
10060019,35,120,156,2,0,-3,-0.6212,-3,0,1,0,0,1,0
10060020,36,124,161,2,0,-4.7,-0.3177,-4.7,0,1,0,0,1,0
10060020,36,124,162,2,0,-3,-0.3677,-3,0,1,0,0,1,-0.317682063
10060021,37,128,168,2,0,-3,-0.0589,-3,0,1,0,0,1,0
10060022,38,132,172,2,0,-3,-0.1212,-3,0,1,1,0,1,0
10060023,39,136,177,2,0,-4.7,-0.3192,-4.7,0,1,1,1,1,0
10060023,39,136,178,2,0,-3,-0.6362,-3,0,1,1,1,1,-0.319178392
10060024,40,140,184,2,0,-3,-0.196,-3,0,1,1,1,1,0
10060028,41,144,188,2,0,-3,-0.3703,-3,0,1,1,0,1,0
10060029,42,148,192,2,0,-3,-0.0591,-3,0,1,1,1,1,0
10060003,43,152,196,2,0,-3,-0.2096,-3,0,1,1,0,1,0
10060030,44,156,200,2,0,-3,-0.1073,-3,0,1,1,1,1,0
10060031,45,160,204,2,0,-3,-0.2453,-3,0,1,1,1,1,0
10060032,46,164,208,2,0,-3,-0.0659,-3,0,1,1,1,1,0
10060033,47,168,213,2,0,-3,-0.0807,-3,0,1,1,0,1,0
10060034,48,172,217,2,0,-3,-0.0954,-3,0,1,1,1,1,0
10060035,49,176,221,2,0,-3,-0.1851,-3,0,1,1,1,1,0
10060036,50,180,225,2,0,-3,-0.3551,-3,0,1,1,1,1,0
10060037,51,184,229,2,0,-3,-0.0634,-3,0,1,1,0,1,0
10060038,52,188,233,2,0,-3,-0.1355,-3,0,1,1,1,1,0
10060039,53,192,237,2,0,-3,-0.1831,-3,0,1,1,1,1,0
10060004,54,196,241,2,0,-3,-0.1583,-3,0,1,1,1,1,0
10060040,55,200,246,2,0,-4.7,-0.5697,-4.7,0,1,1,0,1,0
10060040,55,200,247,2,0,-3,-1.1173,-3,0,1,1,1,1,-0.569659955
10060041,56,204,253,2,0,-3,-0.236,-3,0,1,1,1,1,0
10060042,57,208,257,2,0,-3,-0.0387,-3,0,1,1,1,1,0
10060043,58,212,261,2,0,-3,-0.0625,-3,0,1,1,0,1,0
10060044,59,216,265,2,0,-3,-0.1176,-3,0,1,1,1,1,0
10060045,60,220,269,2,0,-3,-0.4877,-3,0,1,1,1,1,0
10060046,61,224,273,2,0,-3,-0.2885,-3,0,1,1,1,1,0
10060047,62,228,277,2,0,-3,-0.1079,-3,0,1,1,0,1,0
10060048,63,232,281,2,0,-3,-0.0567,-3,0,1,1,1,1,0
10060049,64,236,286,2,0,-4.7,-0.3191,-4.7,0,1,1,1,1,0
10060049,64,236,287,2,0,-3,-0.459,-3,0,1,1,1,1,-0.319098459
10060005,65,240,293,2,0,-3,-0.2861,-3,0,1,0,0,1,0
10060050,66,244,297,2,0,-3,-0.1178,-3,0,1,0,0,1,0
10060051,67,248,301,2,0,-3,-0.1056,-3,0,1,0,0,1,0
10060052,68,252,306,2,0,-4.7,-1.0667,-4.7,0,1,0,0,1,0
10060052,68,252,307,2,0,-3,-1.3296,-3,0,1,0,0,1,-1.066735187
10060053,69,256,313,2,0,-3,-0.1093,-3,0,1,0,0,1,0
10060054,70,260,317,2,0,-3,-0.2624,-3,0,1,0,0,1,0
10060055,71,264,321,2,0,-3,-0.0654,-3,0,1,0,0,1,0
10060006,72,268,325,2,0,-3,-0.0348,-3,0,1,0,0,1,0
10060007,73,272,329,2,0,-3,-0.2312,-3,0,1,0,0,1,0
10060008,74,276,333,2,0,-3,-0.1205,-3,0,1,0,0,1,0
10060009,75,280,337,2,0,-3,-0.3746,-3,0,1,0,0,1,0
10060100,76,284,342,2,0,-4.7,-0.3191,-4.7,0,1,0,0,1,0
10060100,76,284,343,2,0,-3,-0.4239,-3,0,1,0,0,1,-0.319063289
10060101,77,288,349,2,0,-3,-0.3602,-3,0,1,0,0,1,0
10060102,78,292,353,2,0,-3,-0.1662,-3,0,1,0,0,1,0
10060103,79,296,357,2,0,-3,-0.2998,-3,0,1,0,0,1,0
10060104,80,300,361,2,0,-3,-0.1215,-3,0,1,0,0,1,0
10060105,81,304,365,2,0,-3,-0.4832,-3,0,1,0,0,1,0
10060106,82,308,369,2,0,-3,-0.1359,-3,0,1,0,0,1,0
10060107,83,312,374,2,0,-4.7,-0.3196,-4.7,0,1,0,0,1,0
10060107,83,312,375,2,0,-3,-0.7353,-3,0,1,0,0,1,-0.319600433
10060108,84,316,381,2,0,-3,-0.0598,-3,0,1,0,0,1,0
10060109,85,320,385,2,0,-3,-0.2891,-3,0,1,0,0,1,0
10060056,86,324,390,2,0,-4.7,-2.5869,-4.7,0,1,0,0,1,0
10060056,86,324,391,2,0,-3,-10.9689,-3,0,1,0,0,1,-2.586908346
10060057,87,328,398,2,0,-3,-0.2437,-3,0,1,0,0,1,0
10060058,88,332,403,2,0,-4.7,-0.3187,-4.7,0,1,0,0,1,0
10060058,88,332,404,2,0,-3,-0.3829,-3,0,1,0,0,1,-0.318711588
10060059,89,336,410,2,0,-3,-0.3274,-3,0,1,0,0,1,0
10060060,90,340,414,2,0,-3,-0.4614,-3,0,1,0,0,1,0
10060061,91,344,418,2,0,-3,-0.0519,-3,0,1,0,0,1,0
10060062,92,348,422,2,0,-3,-0.1279,-3,0,1,0,0,1,0
10060063,93,352,426,2,0,-3,-0.2675,-3,0,1,0,0,1,0
10060064,94,356,430,2,0,-3,-0.1333,-3,0,1,0,0,1,0
10060065,95,360,434,2,0,-3,-0.0608,-3,0,1,0,0,1,0
10060066,96,364,439,2,0,-4.7,-0.2762,-4.7,0,1,0,0,1,0
10060066,96,364,440,2,0,-3,-0.5694,-3,0,1,0,0,1,-0.276245272
10060067,97,368,446,2,0,-3,-0.1228,-3,0,1,0,0,1,0
10060068,98,372,450,2,0,-3,-0.0726,-3,0,1,0,0,1,0
10060069,99,376,454,2,0,-3,-0.1319,-3,0,1,0,0,1,0
10060070,100,380,460,2,0,-4.7,-0.2996,-4.7,0,1,0,0,1,0
10060070,100,380,461,2,0,-3,-0.4478,-3,0,1,0,0,1,-0.29958544
10060071,101,384,467,2,0,-3,-0.2596,-3,0,1,0,0,1,0
10060072,102,388,471,2,0,-3,-0.3833,-3,0,1,0,0,1,0
10060073,103,392,475,2,0,-3,-0.0543,-3,0,1,0,0,1,0
10060074,104,396,479,2,0,-3,-0.0495,-3,0,1,0,0,1,0
10060075,105,400,484,2,0,-4.7,-0.3192,-4.7,0,1,0,0,1,0
10060075,105,400,485,2,0,-3,-0.5243,-3,0,1,0,0,1,-0.319152813
10060076,106,404,492,2,0,-4.7,-0.3177,-4.7,0,1,0,0,1,0
10060076,106,404,493,2,0,-3,-0.4625,-3,0,1,0,0,1,-0.317682063
10060077,107,408,499,2,0,-3,-0.3491,-3,0,1,0,0,1,0
10060078,108,412,503,2,0,-3,-0.0858,-3,0,1,0,0,1,0
10060079,109,416,508,2,0,-3,-0.0732,-3,0,1,0,0,1,0
10060080,110,420,512,2,0,-3,-0.2841,-3,0,1,0,0,1,0
10060081,111,424,516,2,0,-3,-0.1406,-3,0,1,0,0,1,0
10060082,112,428,520,2,0,-3,-0.4577,-3,0,1,0,0,1,0
10060083,113,432,525,2,0,-4.7,-0.3196,-4.7,0,1,0,0,1,0
10060083,113,432,526,2,0,-3,-0.4327,-3,0,1,0,0,1,-0.319600433
10060084,114,436,532,2,0,-3,-0.315,-3,0,1,0,0,1,0
10060085,115,440,536,2,0,-3,-0.287,-3,0,1,0,0,1,0
10060086,116,444,540,2,0,-3,-0.1001,-3,0,1,0,0,1,0
10060087,117,448,544,2,0,-3,-0.1551,-3,0,1,0,0,1,0
10060088,118,452,548,2,0,-3,-0.1345,-3,0,1,0,0,1,0
10060089,119,456,552,2,0,-3,-0.1087,-3,0,1,0,0,1,0
10060090,120,460,556,2,0,-3,-0.2812,-3,0,1,0,0,1,0
10060091,121,464,560,2,0,-3,-0.2681,-3,0,1,0,0,1,0
10060092,122,468,564,2,0,-3,-0.1684,-3,0,1,0,0,1,0
10060093,123,472,568,2,0,-3,-0.335,-3,0,1,0,0,1,0
10060094,124,476,573,2,0,-3,-0.217,-3,0,1,0,0,1,0
10060095,125,480,577,2,0,-3,-0.0663,-3,0,1,0,0,1,0
10060096,126,484,581,2,0,-3,-0.1807,-3,0,1,0,0,1,0
10060097,127,488,586,2,0,-4.7,-0.3192,-4.7,0,1,0,0,1,0
10060097,127,488,587,2,0,-3,-0.44,-3,0,1,0,0,1,-0.319216759
10060098,128,492,593,2,0,-3,-0.503,-3,0,1,0,0,1,0
10060099,129,496,597,2,0,-3,-0.2535,-3,0,1,0,0,1,0
10060114,130,500,602,2,0,-4.7,-2.4888,-4.7,0,1,0,0,1,0
10060114,130,500,603,2,0,-3,-15.3383,-3,0,1,0,0,1,-2.488774868
10060121,131,504,610,2,0,-3,-0.1236,-3,0,1,0,0,1,0
10060122,132,508,615,2,0,-3,-0.0723,-3,0,1,0,0,1,0
10060123,133,512,620,2,0,-4.7,-0.6784,-4.7,0,1,0,0,1,0
10060123,133,512,621,2,0,-3,-0.903,-3,0,1,0,0,1,-0.678412348
10060124,134,516,627,2,0,-3,-0.203,-3,0,1,0,0,1,0
10060125,135,520,631,2,0,-3,-0.1147,-3,0,1,0,0,1,0
10060126,136,524,635,2,0,-3,-0.0671,-3,0,1,0,0,1,0
10060127,137,528,639,2,0,-3,-0.2353,-3,0,1,0,0,1,0
10060128,138,532,643,2,0,-3,-0.2576,-3,0,1,0,0,1,0
10060129,139,536,647,2,0,-3,-0.1856,-3,0,1,0,0,1,0
10060130,140,540,651,2,0,-3,-0.0595,-3,0,1,0,0,1,0
10060131,141,544,655,2,0,-3,-0.2951,-3,0,1,0,0,1,0
10060132,142,548,660,2,0,-4.7,-0.2557,-4.7,0,1,0,0,1,0
10060132,142,548,661,2,0,-3,-0.2807,-3,0,1,0,0,1,-0.255680346
10060133,143,552,667,2,0,-3,-0.2001,-3,0,1,0,0,1,0
10060134,144,556,671,2,0,-3,-0.163,-3,0,1,0,0,1,0
10060135,145,560,675,2,0,-3,-0.161,-3,0,1,0,0,1,0
10060136,146,564,679,2,0,-3,-0.1336,-3,0,1,0,0,1,0
10060137,147,568,683,2,0,-3,-0.3467,-3,0,1,0,0,1,0
10060138,148,572,688,2,0,-3,-0.1943,-3,0,1,0,0,1,0
10060139,149,576,692,2,0,-3,-0.1187,-3,0,1,0,0,1,0
10060140,150,580,696,2,0,-3,-0.079,-3,0,1,0,0,1,0
10060141,151,584,700,2,0,-3,-0.2759,-3,0,1,0,0,1,0
10060142,152,588,704,2,0,-3,-0.1876,-3,0,1,0,0,1,0
10060143,153,592,708,2,0,-3,-0.332,-3,0,1,0,0,1,0
10060144,154,596,712,2,0,-3,-0.1584,-3,0,1,0,0,1,0
10060145,155,600,716,2,0,-3,-0.3103,-3,0,1,0,0,1,0
10060146,156,604,720,2,0,-3,-0.0492,-3,0,1,0,0,1,0
10060147,157,608,724,2,0,-3,-0.5432,-3,0,1,0,0,1,0
10060148,158,612,728,2,0,-3,-0.2249,-3,0,1,0,0,1,0
10150000,159,616,732,2,0,50,0.2664,50,0,1,0,0,1,0
1537,160,620,737,2,0,50,0.4196,50,0,1,0,0,1,0
1537,160,620,738,2,0,-50,-0.2194,-50,0,1,0,0,1,0
10060056,161,624,744,2,0,50,0.021,50,0,1,0,0,1,0
10060131,162,628,748,2,0,50,0.849,50,0,1,0,0,1,0
1537,163,632,753,2,0,50,0.2203,50,0,1,0,0,1,0
1537,163,632,754,2,0,-50,-0.4367,-50,0,1,0,0,1,0
1537,164,636,761,2,0,50,0.1966,50,0,1,0,0,1,0
1537,164,636,762,2,0,-50,-0.1028,-50,0,1,0,0,1,0
1537,165,640,769,2,0,50,0.1207,50,0,1,0,0,1,0
1537,165,640,770,2,0,-50,-0.2393,-50,0,1,0,0,1,0
10060139,166,644,776,2,0,50,0.1224,50,0,1,0,0,1,0
10060114,167,648,780,2,0,50,0.3,50,0,1,0,0,1,0
10060137,168,652,785,2,0,50,0.0413,50,0,1,0,0,1,0
10060137,168,652,786,2,0,-50,-0.0817,-50,0,1,0,0,1,0
10150020,169,656,793,2,0,50,0.196,50,0,1,0,0,1,0
10150020,169,656,794,2,0,-50,-0.1025,-50,0,1,0,0,1,0
10150000,170,660,801,2,0,50,0.1001,50,0,1,0,0,1,0
10150000,170,660,802,2,0,-50,-0.1984,-50,0,1,0,0,1,0
1537,171,664,809,2,0,50,0.1001,50,0,1,0,0,1,0
1537,171,664,810,2,0,-50,-0.1984,-50,0,1,0,0,1,0
1537,172,668,817,2,0,50,0.196,50,0,1,0,0,1,0
1537,172,668,818,2,0,-50,-0.1025,-50,0,1,0,0,1,0
10060056,173,672,824,2,0,50,0.2994,50,0,1,0,0,1,0
1468,174,676,829,2,0,50,0.0784,50,0,1,0,0,1,0
1468,174,676,830,2,0,-50,-0.041,-50,0,1,0,0,1,0
10150000,175,680,837,2,0,50,0.0015,50,0,1,0,0,1,0
10150000,175,680,838,2,0,-50,-0.003,-50,0,1,0,0,1,0
1537,176,684,844,2,0,50,0.0207,50,0,1,0,0,1,0
10150000,177,688,849,2,0,50,0.0138,50,0,1,0,0,1,0
10150000,177,688,850,2,0,-50,-0.0072,-50,0,1,0,0,1,0
1468,178,692,856,2,0,50,0.0017,50,0,1,0,0,1,0
10060056,179,696,860,2,0,50,0.0027,50,0,1,0,0,1,0
10060114,180,700,865,2,0,50,0.002,50,0,1,0,0,1,0
10060114,180,700,866,2,0,-50,-0.001,-50,0,1,0,0,1,0
10060114,181,704,872,2,0,50,0.006,50,0,1,0,0,1,0
1468,182,708,877,2,0,50,0.0032,50,0,1,0,0,1,0
1468,182,708,878,2,0,-50,-0.0064,-50,0,1,0,0,1,0
10060093,183,712,885,2,0,50,0.0128,50,0,1,0,0,1,0
10060093,183,712,886,2,0,-50,-0.0067,-50,0,1,0,0,1,0
10060105,184,716,892,2,0,50,0.648,50,0,1,0,0,1,0
10060114,185,720,896,2,0,50,0.0015,50,0,1,0,0,1,0
10060114,186,724,900,2,0,-50,-0.0011,-50,0,1,0,0,1,0
10060146,187,728,905,2,0,50,0.001,50,0,1,0,0,1,0
10060146,187,728,906,2,0,-50,-0.002,-50,0,1,0,0,1,0
10060073,188,732,913,2,0,50,0.002,50,0,1,1,0,1,0
10060073,188,732,914,2,0,-50,-0.001,-50,0,1,1,1,1,0
10060060,189,736,920,2,0,50,0.027,50,0,1,1,1,1,0
10060056,190,740,924,2,0,-50,-0.0011,-50,0,1,1,1,1,0
1468,191,744,928,2,0,50,0.4815,50,0,1,1,0,1,0
1537,192,748,932,2,0,50,0.0015,50,0,1,1,1,1,0
1537,194,756,936,2,0,-50,-0.0011,-50,0,1,1,1,1,0
1537,195,760,940,2,0,50,0.0017,50,0,1,1,1,1,0
10150000,196,764,944,2,0,-50,-0.0011,-50,0,1,1,0,1,0
10150000,197,768,948,2,0,50,0.0017,50,0,1,1,1,1,0
1537,198,772,952,2,0,50,0.0132,50,0,1,1,1,1,0
1537,199,776,956,2,0,50,1.1664,50,0,1,1,1,1,0
1743,200,780,960,2,0,-67.0135,-749.85,-67.0135,0,1,1,0,1,0
10060000,201,784,964,2,0,-58.1676,-1.15,-58.1676,0,1,1,1,1,0
10060114,202,788,968,2,0,-59.8911,-0.16,-59.8911,0,1,1,1,1,0
10150000,203,792,972,2,0,-60.6575,-0.989,-60.6575,0,1,1,1,1,0
1537,204,796,976,2,0,-58.884,-0.999,-58.884,0,1,1,0,1,0
1537,205,800,980,2,0,-59.754,-2.322,-59.754,0,1,1,1,1,0
10060099,206,804,984,2,0,-62.8913,-1.05,-62.8913,0,1,1,1,1,0
10060000,207,808,988,2,0,-55.8124,-0.96,-55.8124,0,1,1,1,1,0
1537,208,812,992,2,0,-59.4138,-0.995,-59.4138,0,1,1,0,1,0
10150019,209,816,996,2,0,-58.2403,-0.995,-58.2403,0,1,1,1,1,0
10150000,210,820,1000,2,0,-60.5563,-0.995,-60.5563,0,1,1,1,1,0
1537,211,824,1004,2,0,-59.0384,-0.04,-59.0384,0,1,1,1,1,0
1537,212,828,1008,2,0,-58.8418,-0.096,-58.8418,0,1,1,0,1,0
1537,213,832,1012,2,0,-67.9256,-0.044,-67.9256,0,1,1,1,1,0
1537,214,836,1016,2,0,-57.4917,-0.36,-57.4917,0,1,1,1,1,0
10060000,215,840,1020,2,0,-67.2916,-0.63,-67.2916,0,1,1,1,1,0
10060056,216,844,1024,2,0,-58.2718,-0.14,-58.2718,0,1,1,0,1,0
10060056,218,852,1028,2,0,-63.2504,-0.0481,-63.2504,0,1,1,1,1,0
10060077,219,856,1032,2,0,-63.7279,-1.718,-63.7279,0,1,1,1,1,0
10060021,220,860,1036,2,0,-61.1398,-0.01,-61.1398,0,1,1,1,1,0
10060039,221,864,1040,2,0,-59.318,-0.14,-59.318,0,1,0,0,1,0
1537,222,868,1044,2,0,-64.3015,-0.2,-64.3015,0,1,0,0,1,0
10150000,223,872,1048,2,0,72.228,3.6,72.228,0,1,0,0,1,0
1537,224,876,1052,2,0,-61.9702,-0.035,-61.9702,0,1,0,0,1,0
10150000,225,880,1056,2,0,-63.0583,-0.36,-63.0583,0,1,0,0,1,0
1537,226,884,1060,2,0,-59.3854,-0.03,-59.3854,0,1,0,0,1,0
1537,227,888,1064,2,0,-65.252,-0.03,-65.252,0,1,0,0,1,0
1537,228,892,1068,2,0,-62.1238,-0.06,-62.1238,0,1,0,0,1,0
1537,229,896,1072,2,0,-62.2119,-0.06,-62.2119,0,1,0,0,1,0
1468,230,900,1077,2,0,-58.7235,-1.5305,-58.7235,0,1,0,0,1,0
1468,230,900,1078,2,0,78.7235,1.0123,78.7235,0,1,0,0,1,0
1537,231,904,1085,2,0,-58.7235,-1.7578,-58.7235,0,1,0,0,1,0
1537,231,904,1086,2,0,78.7235,0.796,78.7235,0,1,0,0,1,0
10060014,232,908,1093,2,0,-58.7235,-0.1054,-58.7235,0,1,0,0,1,0
10060014,232,908,1094,2,0,78.7235,0.0703,78.7235,0,1,0,0,1,0
10060032,233,912,1101,2,0,-58.7235,-0.0925,-58.7235,0,1,0,0,1,0
10060032,233,912,1102,2,0,78.7235,0.0695,78.7235,0,1,0,0,1,0
10060056,234,916,1109,2,0,-58.7235,-0.6735,-58.7235,0,1,0,0,1,0
10060056,234,916,1110,2,0,78.7235,0.4367,78.7235,0,1,0,0,1,0
10060069,235,920,1117,2,0,-58.7235,-0.1639,-58.7235,0,1,0,0,1,0
10060069,235,920,1118,2,0,78.7235,0.1229,78.7235,0,1,0,0,1,0
10060078,236,924,1125,2,0,-58.7235,-0.0743,-58.7235,0,1,0,0,1,0
10060078,236,924,1126,2,0,78.7235,0.0647,78.7235,0,1,0,0,1,0
10060093,237,928,1133,2,0,-58.7235,-0.2083,-58.7235,0,1,0,0,1,0
10060093,237,928,1134,2,0,78.7235,0.1229,78.7235,0,1,0,0,1,0
10060114,238,932,1141,2,0,-58.7235,-0.6223,-58.7235,0,1,0,0,1,0
10060114,238,932,1142,2,0,78.7235,0.4542,78.7235,0,1,0,0,1,0
10060128,239,936,1149,2,0,-58.7235,-0.1396,-58.7235,0,1,0,0,1,0
10060128,239,936,1150,2,0,78.7235,0.1032,78.7235,0,1,0,0,1,0
10060139,240,940,1157,2,0,-58.7235,-0.1345,-58.7235,0,1,0,0,1,0
10060139,240,940,1158,2,0,78.7235,0.1052,78.7235,0,1,0,0,1,0
10150010,241,944,1165,2,0,-58.7235,-0.0116,-58.7235,0,1,0,0,1,0
10150010,241,944,1166,2,0,78.7235,0.006,78.7235,0,1,0,0,1,0
10150013,242,948,1173,2,0,-58.7235,-0.0115,-58.7235,0,1,0,0,1,0
10150013,242,948,1174,2,0,78.7235,0.0064,78.7235,0,1,0,0,1,0
10150014,243,952,1181,2,0,-58.7235,-0.0285,-58.7235,0,1,0,0,1,0
10150014,243,952,1182,2,0,78.7235,0,78.7235,0,1,0,0,1,0
10150018,244,956,1189,2,0,-58.7235,-0.0056,-58.7235,0,1,0,0,1,0
10150018,244,956,1190,2,0,78.7235,0,78.7235,0,1,0,0,1,0
10150020,245,960,1197,2,0,-58.7235,-0.0112,-58.7235,0,1,0,0,1,0
10150020,245,960,1198,2,0,78.7235,0,78.7235,0,1,0,0,1,0
10150022,246,964,1205,2,0,-58.7235,-0.0116,-58.7235,0,1,0,0,1,0
10150022,246,964,1206,2,0,78.7235,0,78.7235,0,1,0,0,1,0
1468,247,968,1212,2,0,0,0.1368,0,1,1,0,0,1,0
1468,248,972,1216,2,0,0,-0.0891,0,1,1,0,0,1,0
1468,249,976,1220,2,0,17.6047,-0.2671,17.6047,1,1,0,0,1,0
1468,250,980,1224,2,0,43.6997,0.1379,43.6997,1,1,0,0,1,0
1468,251,984,1228,2,0,17.6047,-0.2671,17.6047,1,1,0,0,1,0
1468,252,988,1232,2,0,52.5649,0.1379,52.5649,1,1,0,0,1,0
1468,253,992,1236,2,0,86.3282,-0.2671,86.3282,1,1,0,0,1,0
1468,254,996,1240,2,0,86.6801,0.1379,86.6801,1,1,0,0,1,0
1537,255,1000,1244,2,0,0,0.1629,0,1,1,0,0,1,0
1537,256,1004,1248,2,0,0,-0.108,0,1,1,0,0,1,0
1537,257,1008,1252,2,0,17.2763,-0.301,17.2763,1,1,0,0,1,0
1537,258,1012,1256,2,0,42.189,0.164,42.189,1,1,0,0,1,0
1537,259,1016,1260,2,0,17.2763,-0.301,17.2763,1,1,0,0,1,0
1537,260,1020,1264,2,0,50.8958,0.164,50.8958,1,1,0,0,1,0
1537,261,1024,1268,2,0,85.9998,-0.301,85.9998,1,1,0,0,1,0
1537,262,1028,1272,2,0,86.0599,0.164,86.0599,1,1,0,0,1,0
10150012,263,1032,1276,2,0,0,0.0011,0,1,1,0,0,1,0
10150012,265,1035,1279,2,0,13.3194,-0.0019,13.3194,1,1,0,0,1,0
10150012,266,1039,1283,2,0,39.9913,0.0011,39.9913,1,1,0,0,1,0
10150012,267,1042,1286,2,0,13.3194,-0.0019,13.3194,1,1,0,0,1,0
10150012,268,1046,1290,2,0,43.9595,0.0011,43.9595,1,1,0,0,1,0
10150012,269,1050,1294,2,0,82.0429,-0.0019,82.0429,1,1,0,0,1,0
10150012,270,1054,1298,2,0,82.1092,0.0011,82.1092,1,1,0,0,1,0
10150015,271,1058,1302,2,0,0,0.0011,0,1,1,0,0,1,0
10150015,273,1061,1305,2,0,13.5433,-0.0019,13.5433,1,1,0,0,1,0
10150015,274,1065,1309,2,0,36.6533,0.0011,36.6533,1,1,0,0,1,0
10150015,275,1068,1312,2,0,13.5433,-0.0019,13.5433,1,1,0,0,1,0
10150015,276,1072,1316,2,0,43.1897,0.0011,43.1897,1,1,0,0,1,0
10150015,277,1076,1320,2,0,82.2668,-0.0019,82.2668,1,1,0,0,1,0
10150015,278,1080,1324,2,0,82.337,0.0011,82.337,1,1,0,0,1,0
10150019,279,1084,1328,2,0,0,0.0035,0,1,1,0,0,1,0
10150019,280,1086,1330,2,0,0,-0.0024,0,1,1,0,0,1,0
10150019,281,1088,1332,2,0,16.5532,-0.0065,16.5532,1,1,0,0,1,0
10150019,282,1092,1336,2,0,45.3399,0.0035,45.3399,1,1,1,0,1,0
10150019,283,1095,1339,2,0,16.5532,-0.0065,16.5532,1,1,1,1,1,0
10150019,284,1099,1343,2,0,50.0439,0.0035,50.0439,1,1,1,1,1,0
10150019,285,1103,1347,2,0,85.2767,-0.0065,85.2767,1,1,1,1,1,0
10150019,286,1107,1351,2,0,85.015,0.0035,85.015,1,1,1,0,1,0
10060014,287,1111,1355,2,0,0,0.0074,0,1,1,1,1,1,0
10060014,288,1114,1358,2,0,0,-0.0048,0,1,1,1,0,1,0
10060014,289,1116,1360,2,0,16.8303,-0.0156,16.8303,1,1,1,1,1,0
10060014,290,1120,1364,2,0,47.5228,0.0074,47.5228,1,1,1,1,1,0
10060014,291,1123,1367,2,0,16.8303,-0.0156,16.8303,1,1,1,1,1,0
10060014,292,1127,1371,2,0,51.9749,0.0074,51.9749,1,1,1,0,1,0
10060014,293,1131,1375,2,0,85.5538,-0.0156,85.5538,1,1,1,1,1,0
10060014,294,1135,1379,2,0,85.6431,0.0074,85.6431,1,1,1,1,1,0
10060032,295,1139,1383,2,0,0,0.0115,0,1,1,1,1,1,0
10060032,296,1143,1387,2,0,0,-0.0077,0,1,1,1,0,1,0
10060032,297,1145,1389,2,0,16.6744,-0.0225,16.6744,1,1,1,1,1,0
10060032,298,1149,1393,2,0,41.2662,0.0115,41.2662,1,1,1,1,1,0
10060032,299,1153,1397,2,0,16.6744,-0.0225,16.6744,1,1,1,1,1,0
10060032,300,1157,1401,2,0,50.0806,0.0115,50.0806,1,1,1,0,1,0
10060032,301,1161,1405,2,0,85.3979,-0.0225,85.3979,1,1,1,1,1,0
10060032,302,1165,1409,2,0,85.7369,0.0115,85.7369,1,1,1,1,1,0
10060056,303,1169,1413,2,0,0,0.0446,0,1,1,1,1,1,0
10060056,304,1173,1417,2,0,0,-0.0293,0,1,1,1,0,1,0
10060056,305,1177,1421,2,0,17.1481,-0.09,17.1481,1,1,1,1,1,0
10060056,306,1181,1425,2,0,43.2799,0.045,43.2799,1,1,1,1,1,0
10060056,307,1185,1429,2,0,17.1481,-0.09,17.1481,1,1,1,1,1,0
10060056,308,1189,1433,2,0,52.1592,0.045,52.1592,1,1,1,0,1,0
10060056,309,1193,1437,2,0,85.8717,-0.09,85.8717,1,1,1,1,1,0
10060056,310,1197,1441,2,0,86.2659,0.045,86.2659,1,1,1,1,1,0
10060069,311,1201,1445,2,0,0,0.012,0,1,1,1,1,1,0
10060069,312,1205,1449,2,0,0,-0.0077,0,1,1,0,0,1,0
10060069,313,1207,1451,2,0,17.8827,-0.023,17.8827,1,1,0,0,1,0
10060069,314,1211,1455,2,0,44.139,0.012,44.139,1,1,0,0,1,0
10060069,315,1215,1459,2,0,17.8827,-0.023,17.8827,1,1,0,0,1,0
10060069,316,1219,1463,2,0,53.1466,0.012,53.1466,1,1,0,0,1,0
10060069,317,1223,1467,2,0,86.6062,-0.023,86.6062,1,1,0,0,1,0
10060069,318,1227,1471,2,0,87.1125,0.012,87.1125,1,1,0,0,1,0
10060078,319,1231,1475,2,0,0,0.0209,0,1,1,0,0,1,0
10060078,320,1235,1479,2,0,0,-0.0142,0,1,1,0,0,1,0
10060078,321,1238,1482,2,0,16.5433,-0.0431,16.5433,1,1,0,0,1,0
10060078,322,1242,1486,2,0,40.7288,0.0209,40.7288,1,1,0,0,1,0
10060078,323,1246,1490,2,0,16.5433,-0.0431,16.5433,1,1,0,0,1,0
10060078,324,1250,1494,2,0,49.1871,0.0209,49.1871,1,1,0,0,1,0
10060078,325,1254,1498,2,0,85.2668,-0.0431,85.2668,1,1,0,0,1,0
10060078,326,1258,1502,2,0,85.6013,0.0209,85.6013,1,1,0,0,1,0
10060093,327,1262,1506,2,0,0,0.0131,0,1,1,0,0,1,0
10060093,328,1266,1510,2,0,0,-0.0088,0,1,1,0,0,1,0
10060093,329,1268,1512,2,0,17.8561,-0.0249,17.8561,1,1,0,0,1,0
10060093,330,1272,1516,2,0,42.3522,0.0131,42.3522,1,1,0,0,1,0
10060093,331,1276,1520,2,0,17.8561,-0.0249,17.8561,1,1,0,0,1,0
10060093,332,1280,1524,2,0,51.0135,0.0131,51.0135,1,1,0,0,1,0
10060093,333,1284,1528,2,0,86.5796,-0.0249,86.5796,1,1,0,0,1,0
10060093,334,1288,1532,2,0,86.7527,0.0131,86.7527,1,1,0,0,1,0
10060114,335,1292,1536,2,0,0,0.08,0,1,1,0,0,1,0
10060114,336,1296,1540,2,0,0,-0.0526,0,1,1,0,0,1,0
10060114,337,1300,1544,2,0,17.7297,-0.1563,17.7297,1,1,0,0,1,0
10060114,338,1304,1548,2,0,43.5265,0.0807,43.5265,1,1,0,0,1,0
10060114,339,1308,1552,2,0,17.7297,-0.1563,17.7297,1,1,0,0,1,0
10060114,340,1312,1556,2,0,52.4361,0.0807,52.4361,1,1,0,0,1,0
10060114,341,1316,1560,2,0,86.4533,-0.1563,86.4533,1,1,0,0,1,0
10060114,342,1320,1564,2,0,86.8255,0.0807,86.8255,1,1,0,0,1,0
10060128,343,1324,1568,2,0,0,0.0127,0,1,1,0,0,1,0
10060128,344,1328,1572,2,0,0,-0.0086,0,1,1,0,0,1,0
10060128,345,1330,1574,2,0,17.5288,-0.0251,17.5288,1,1,0,0,1,0
10060128,346,1334,1578,2,0,42.7784,0.0129,42.7784,1,1,0,0,1,0
10060128,347,1338,1582,2,0,17.5288,-0.0251,17.5288,1,1,0,0,1,0
10060128,348,1342,1586,2,0,51.4886,0.0129,51.4886,1,1,0,0,1,0
10060128,349,1346,1590,2,0,86.2524,-0.0251,86.2524,1,1,0,0,1,0
10060128,350,1350,1594,2,0,86.5257,0.0129,86.5257,1,1,0,0,1,0
10060139,351,1354,1598,2,0,0,0.0081,0,1,1,0,0,1,0
10060139,352,1357,1601,2,0,0,-0.0054,0,1,1,0,0,1,0
10060139,353,1359,1603,2,0,16.1866,-0.0159,16.1866,1,1,0,0,1,0
10060139,354,1363,1607,2,0,40.3136,0.0081,40.3136,1,1,0,0,1,0
10060139,355,1367,1611,2,0,16.1866,-0.0159,16.1866,1,1,0,0,1,0
10060139,356,1371,1615,2,0,49.4234,0.0081,49.4234,1,1,0,0,1,0
10060139,357,1375,1619,2,0,84.9101,-0.0159,84.9101,1,1,0,0,1,0
10060139,358,1379,1623,2,0,85.3672,0.0081,85.3672,1,1,0,0,1,0
1468,7,9,11,3,0,-4.7,-5.2825,-4.7,0,1,0,0,1,0
1468,7,9,12,3,0,-3,-26.3396,-3,0,1,0,0,1,-5.282503896
1537,8,13,20,3,0,-4.7,-18.4094,-4.7,0,1,0,0,1,0
1537,8,13,21,3,0,-3,-72.3631,-3,0,1,0,0,1,-18.40935954
10150000,9,17,29,3,0,-4.7,-4.6916,-4.7,0,1,0,0,1,0
10150000,9,17,30,3,0,-3,-18.5148,-3,0,1,0,0,1,-4.691578358
10150010,10,21,35,3,0,-3,-0.1483,-3,0,1,0,0,1,0
10150011,11,25,39,3,0,-3,-0.3043,-3,0,1,0,0,1,0
10150012,12,29,43,3,0,-3,-0.2496,-3,0,1,0,0,1,0
10150013,13,33,47,3,0,-3,-0.1234,-3,0,1,0,0,1,0
10150014,14,37,51,3,0,-3,-0.0642,-3,0,1,0,0,1,0
10150015,15,41,57,3,0,-4.7,-1.706,-4.7,0,1,0,0,1,0
10150015,15,41,58,3,0,-3,-1.8286,-3,0,1,0,0,1,-1.705951993
10150016,16,45,63,3,0,-3,-0.0522,-3,0,1,0,0,1,0
10150017,17,49,67,3,0,-3,-0.3159,-3,0,1,0,0,1,0
10150018,18,53,71,3,0,-3,-0.4511,-3,0,1,0,0,1,0
10150019,19,57,77,3,0,-4.7,-0.3486,-4.7,0,1,0,0,1,0
10150019,19,57,78,3,0,-3,-0.6732,-3,0,1,0,0,1,-0.348579214
10150020,20,61,84,3,0,-3,-0.0912,-3,0,1,0,0,1,0
10150021,21,65,90,3,0,-4.7,-0.3546,-4.7,0,1,0,0,1,0
10150021,21,65,91,3,0,-3,-0.4847,-3,0,1,0,0,1,-0.354550759
10150022,22,69,96,3,0,-3,-0.066,-3,0,1,0,0,1,0
10150023,23,73,100,3,0,-3,-0.1365,-3,0,1,0,0,1,0
10150024,24,77,106,3,0,-4.7,-0.3611,-4.7,0,1,0,0,1,0
10150024,24,77,107,3,0,-3,-0.8164,-3,0,1,0,0,1,-0.361075191
10060000,25,81,114,3,0,-4.7,-1.3778,-4.7,0,1,1,0,1,0
10060000,25,81,115,3,0,-3,-11.5006,-3,0,1,1,1,1,-1.377759145
10060010,26,85,120,3,0,-3,-0.1451,-3,0,1,1,1,1,0
10060011,27,89,124,3,0,-3,-0.165,-3,0,1,1,1,1,0
10060012,28,93,128,3,0,-3,-0.1751,-3,0,1,1,0,1,0
10060013,29,97,132,3,0,-3,-0.1459,-3,0,1,1,1,1,0
10060014,30,101,136,3,0,-3,-0.4221,-3,0,1,1,1,1,0
10060015,31,105,141,3,0,-3,-0.3267,-3,0,1,1,0,1,0
10060016,32,109,145,3,0,-3,-0.141,-3,0,1,1,1,1,0
10060017,33,113,149,3,0,-3,-0.0835,-3,0,1,1,1,1,0
10060018,34,117,153,3,0,-3,-0.347,-3,0,1,1,1,1,0
10060019,35,121,157,3,0,-3,-0.7021,-3,0,1,1,0,1,0
10060020,36,125,163,3,0,-4.7,-0.3591,-4.7,0,1,1,1,1,0
10060020,36,125,164,3,0,-3,-0.4156,-3,0,1,1,1,1,-0.359051551
10060021,37,129,169,3,0,-3,-0.0666,-3,0,1,1,1,1,0
10060022,38,133,173,3,0,-3,-0.1369,-3,0,1,1,0,1,0
10060023,39,137,179,3,0,-4.7,-0.3607,-4.7,0,1,1,1,1,0
10060023,39,137,180,3,0,-3,-0.7191,-3,0,1,1,1,1,-0.360742736
10060024,40,141,185,3,0,-3,-0.2215,-3,0,1,1,1,1,0
10060028,41,145,189,3,0,-3,-0.4185,-3,0,1,1,0,1,0
10060029,42,149,193,3,0,-3,-0.0668,-3,0,1,1,1,1,0
10060003,43,153,197,3,0,-3,-0.2369,-3,0,1,1,1,1,0
10060030,44,157,201,3,0,-3,-0.1213,-3,0,1,1,1,1,0
10060031,45,161,205,3,0,-3,-0.2773,-3,0,1,1,0,1,0
10060032,46,165,209,3,0,-3,-0.0745,-3,0,1,1,1,1,0
10060033,47,169,214,3,0,-3,-0.0912,-3,0,1,1,1,1,0
10060034,48,173,218,3,0,-3,-0.1078,-3,0,1,1,1,1,0
10060035,49,177,222,3,0,-3,-0.2093,-3,0,1,1,0,1,0
10060036,50,181,226,3,0,-3,-0.4014,-3,0,1,1,1,1,0
10060037,51,185,230,3,0,-3,-0.0717,-3,0,1,1,1,1,0
10060038,52,189,234,3,0,-3,-0.1532,-3,0,1,1,1,1,0
10060039,53,193,238,3,0,-3,-0.207,-3,0,1,0,0,1,0
10060004,54,197,242,3,0,-3,-0.1789,-3,0,1,0,0,1,0
10060040,55,201,248,3,0,-4.7,-0.6438,-4.7,0,1,0,0,1,0
10060040,55,201,249,3,0,-3,-1.2628,-3,0,1,0,0,1,-0.643842742
10060041,56,205,254,3,0,-3,-0.2667,-3,0,1,0,0,1,0
10060042,57,209,258,3,0,-3,-0.0437,-3,0,1,0,0,1,0
10060043,58,213,262,3,0,-3,-0.0706,-3,0,1,0,0,1,0
10060044,59,217,266,3,0,-3,-0.1329,-3,0,1,0,0,1,0
10060045,60,221,270,3,0,-3,-0.5512,-3,0,1,0,0,1,0
10060046,61,225,274,3,0,-3,-0.3261,-3,0,1,0,0,1,0
10060047,62,229,278,3,0,-3,-0.1219,-3,0,1,0,0,1,0
10060048,63,233,282,3,0,-3,-0.064,-3,0,1,0,0,1,0
10060049,64,237,288,3,0,-4.7,-0.3607,-4.7,0,1,0,0,1,0
10060049,64,237,289,3,0,-3,-0.5188,-3,0,1,0,0,1,-0.360652395
10060005,65,241,294,3,0,-3,-0.3234,-3,0,1,0,0,1,0
10060050,66,245,298,3,0,-3,-0.1332,-3,0,1,0,0,1,0
10060051,67,249,302,3,0,-3,-0.1193,-3,0,1,0,0,1,0
10060052,68,253,308,3,0,-4.7,-1.2056,-4.7,0,1,0,0,1,0
10060052,68,253,309,3,0,-3,-1.5027,-3,0,1,0,0,1,-1.205648564
10060053,69,257,314,3,0,-3,-0.1236,-3,0,1,0,0,1,0
10060054,70,261,318,3,0,-3,-0.2965,-3,0,1,0,0,1,0
10060055,71,265,322,3,0,-3,-0.0739,-3,0,1,0,0,1,0
10060006,72,269,326,3,0,-3,-0.0394,-3,0,1,0,0,1,0
10060007,73,273,330,3,0,-3,-0.2613,-3,0,1,0,0,1,0
10060008,74,277,334,3,0,-3,-0.1362,-3,0,1,0,0,1,0
10060009,75,281,338,3,0,-3,-0.4234,-3,0,1,0,0,1,0
10060100,76,285,344,3,0,-4.7,-0.3606,-4.7,0,1,0,0,1,0
10060100,76,285,345,3,0,-3,-0.4792,-3,0,1,0,0,1,-0.360612645
10060101,77,289,350,3,0,-3,-0.4071,-3,0,1,0,0,1,0
10060102,78,293,354,3,0,-3,-0.1878,-3,0,1,0,0,1,0
10060103,79,297,358,3,0,-3,-0.3388,-3,0,1,0,0,1,0
10060104,80,301,362,3,0,-3,-0.1373,-3,0,1,0,0,1,0
10060105,81,305,366,3,0,-3,-0.5461,-3,0,1,0,0,1,0
10060106,82,309,370,3,0,-3,-0.1536,-3,0,1,0,0,1,0
10060107,83,313,376,3,0,-4.7,-0.3612,-4.7,0,1,0,0,1,0
10060107,83,313,377,3,0,-3,-0.8311,-3,0,1,0,0,1,-0.361219737
10060108,84,317,382,3,0,-3,-0.0676,-3,0,1,0,0,1,0
10060109,85,321,386,3,0,-3,-0.3268,-3,0,1,0,0,1,0
10060056,86,325,392,3,0,-4.7,-2.9238,-4.7,0,1,0,0,1,0
10060056,86,325,393,3,0,-3,-12.3962,-3,0,1,0,0,1,-2.923783121
10060057,87,329,399,3,0,-3,-0.2754,-3,0,1,0,0,1,0
10060058,88,333,405,3,0,-4.7,-0.3602,-4.7,0,1,0,0,1,0
10060058,88,333,406,3,0,-3,-0.4327,-3,0,1,0,0,1,-0.360215144
10060059,89,337,411,3,0,-3,-0.37,-3,0,1,0,0,1,0
10060060,90,341,415,3,0,-3,-0.5215,-3,0,1,0,0,1,0
10060061,91,345,419,3,0,-3,-0.0587,-3,0,1,0,0,1,0
10060062,92,349,423,3,0,-3,-0.1446,-3,0,1,0,0,1,0
10060063,93,353,427,3,0,-3,-0.3023,-3,0,1,0,0,1,0
10060064,94,357,431,3,0,-3,-0.1507,-3,0,1,0,0,1,0
10060065,95,361,435,3,0,-3,-0.0687,-3,0,1,0,0,1,0
10060066,96,365,441,3,0,-4.7,-0.3122,-4.7,0,1,0,0,1,0
10060066,96,365,442,3,0,-3,-0.6436,-3,0,1,0,0,1,-0.31221874
10060067,97,369,447,3,0,-3,-0.1388,-3,0,1,0,0,1,0
10060068,98,373,451,3,0,-3,-0.082,-3,0,1,0,0,1,0
10060069,99,377,455,3,0,-3,-0.1491,-3,0,1,0,0,1,0
10060070,100,381,462,3,0,-4.7,-0.3386,-4.7,0,1,0,0,1,0
10060070,100,381,463,3,0,-3,-0.5061,-3,0,1,0,0,1,-0.338598333
10060071,101,385,468,3,0,-3,-0.2934,-3,0,1,0,0,1,0
10060072,102,389,472,3,0,-3,-0.4332,-3,0,1,0,0,1,0
10060073,103,393,476,3,0,-3,-0.0614,-3,0,1,0,0,1,0
10060074,104,397,480,3,0,-3,-0.056,-3,0,1,0,0,1,0
10060075,105,401,486,3,0,-4.7,-0.3607,-4.7,0,1,0,0,1,0
10060075,105,401,487,3,0,-3,-0.5827,-3,0,1,0,0,1,-0.360713827
10060076,106,405,494,3,0,-4.7,-0.3591,-4.7,0,1,0,0,1,0
10060076,106,405,495,3,0,-3,-0.5227,-3,0,1,0,0,1,-0.359051551
10060077,107,409,500,3,0,-3,-0.3945,-3,0,1,0,0,1,0
10060078,108,413,504,3,0,-3,-0.0969,-3,0,1,0,0,1,0
10060079,109,417,509,3,0,-3,-0.0827,-3,0,1,0,0,1,0
10060080,110,421,513,3,0,-3,-0.3211,-3,0,1,0,0,1,0
10060081,111,425,517,3,0,-3,-0.1589,-3,0,1,0,0,1,0
10060082,112,429,521,3,0,-3,-0.5173,-3,0,1,0,0,1,0
10060083,113,433,527,3,0,-4.7,-0.3612,-4.7,0,1,0,0,1,0
10060083,113,433,528,3,0,-3,-0.4891,-3,0,1,0,0,1,-0.361219737
10060084,114,437,533,3,0,-3,-0.356,-3,0,1,0,0,1,0
10060085,115,441,537,3,0,-3,-0.3244,-3,0,1,0,0,1,0
10060086,116,445,541,3,0,-3,-0.1131,-3,0,1,0,0,1,0
10060087,117,449,545,3,0,-3,-0.1753,-3,0,1,0,0,1,0
10060088,118,453,549,3,0,-3,-0.1521,-3,0,1,0,0,1,0
10060089,119,457,553,3,0,-3,-0.1228,-3,0,1,0,0,1,0
10060090,120,461,557,3,0,-3,-0.3178,-3,0,1,0,0,1,0
10060091,121,465,561,3,0,-3,-0.303,-3,0,1,0,0,1,0
10060092,122,469,565,3,0,-3,-0.1903,-3,0,1,0,0,1,0
10060093,123,473,569,3,0,-3,-0.3786,-3,0,1,0,0,1,0
10060094,124,477,574,3,0,-3,-0.2452,-3,0,1,0,0,1,0
10060095,125,481,578,3,0,-3,-0.0749,-3,0,1,1,0,1,0
10060096,126,485,582,3,0,-3,-0.2042,-3,0,1,1,1,1,0
10060097,127,489,588,3,0,-4.7,-0.3608,-4.7,0,1,1,1,1,0
10060097,127,489,589,3,0,-3,-0.4918,-3,0,1,1,1,1,-0.360786099
10060098,128,493,594,3,0,-3,-0.5481,-3,0,1,1,0,1,0
10060099,129,497,598,3,0,-3,-0.2865,-3,0,1,1,1,1,0
10060114,130,501,604,3,0,-4.7,-2.8129,-4.7,0,1,1,0,1,0
10060114,130,501,605,3,0,-3,-17.3347,-3,0,1,1,1,1,-2.812870415
10060121,131,505,611,3,0,-3,-0.1397,-3,0,1,1,1,1,0
10060122,132,509,616,3,0,-3,-0.0818,-3,0,1,1,1,1,0
10060123,133,513,622,3,0,-4.7,-0.7668,-4.7,0,1,1,0,1,0
10060123,133,513,623,3,0,-3,-1.0206,-3,0,1,1,1,1,-0.766757189
10060124,134,517,628,3,0,-3,-0.2295,-3,0,1,1,1,1,0
10060125,135,521,632,3,0,-3,-0.1296,-3,0,1,1,1,1,0
10060126,136,525,636,3,0,-3,-0.0758,-3,0,1,1,0,1,0
10060127,137,529,640,3,0,-3,-0.266,-3,0,1,1,1,1,0
10060128,138,533,644,3,0,-3,-0.2912,-3,0,1,1,1,1,0
10060129,139,537,648,3,0,-3,-0.2098,-3,0,1,1,1,1,0
10060130,140,541,652,3,0,-3,-0.0672,-3,0,1,1,0,1,0
10060131,141,545,656,3,0,-3,-0.3335,-3,0,1,1,1,1,0
10060132,142,549,662,3,0,-4.7,-0.289,-4.7,0,1,1,1,1,0
10060132,142,549,663,3,0,-3,-0.3173,-3,0,1,1,1,1,-0.288975789
10060133,143,553,668,3,0,-3,-0.2261,-3,0,1,1,0,1,0
10060134,144,557,672,3,0,-3,-0.1842,-3,0,1,1,1,1,0
10060135,145,561,676,3,0,-3,-0.182,-3,0,1,1,1,1,0
10060136,146,565,680,3,0,-3,-0.151,-3,0,1,1,1,1,0
10060137,147,569,684,3,0,-3,-0.3919,-3,0,1,1,0,1,0
10060138,148,573,689,3,0,-3,-0.2196,-3,0,1,1,1,1,0
10060139,149,577,693,3,0,-3,-0.1341,-3,0,1,1,1,1,0
10060140,150,581,697,3,0,-3,-0.0892,-3,0,1,1,1,1,0
10060141,151,585,701,3,0,-3,-0.3119,-3,0,1,0,0,1,0
10060142,152,589,705,3,0,-3,-0.212,-3,0,1,0,0,1,0
10060143,153,593,709,3,0,-3,-0.3752,-3,0,1,0,0,1,0
10060144,154,597,713,3,0,-3,-0.179,-3,0,1,0,0,1,0
10060145,155,601,717,3,0,-3,-0.3507,-3,0,1,0,0,1,0
10060146,156,605,721,3,0,-3,-0.0556,-3,0,1,0,0,1,0
10060147,157,609,725,3,0,-3,-0.614,-3,0,1,0,0,1,0
10060148,158,613,729,3,0,-3,-0.2541,-3,0,1,0,0,1,0
10150000,159,617,733,3,0,50,0.2664,50,0,1,0,0,1,0
1537,160,621,739,3,0,50,0.4196,50,0,1,0,0,1,0
1537,160,621,740,3,0,-50,-0.2194,-50,0,1,0,0,1,0
10060056,161,625,745,3,0,50,0.021,50,0,1,0,0,1,0
10060131,162,629,749,3,0,50,0.849,50,0,1,0,0,1,0
1537,163,633,755,3,0,50,0.2203,50,0,1,0,0,1,0
1537,163,633,756,3,0,-50,-0.4367,-50,0,1,0,0,1,0
1537,164,637,763,3,0,50,0.1966,50,0,1,0,0,1,0
1537,164,637,764,3,0,-50,-0.1028,-50,0,1,0,0,1,0
1537,165,641,771,3,0,50,0.1207,50,0,1,0,0,1,0
1537,165,641,772,3,0,-50,-0.2393,-50,0,1,0,0,1,0
10060139,166,645,777,3,0,50,0.1224,50,0,1,0,0,1,0
10060114,167,649,781,3,0,50,0.3,50,0,1,0,0,1,0
10060137,168,653,787,3,0,50,0.0413,50,0,1,0,0,1,0
10060137,168,653,788,3,0,-50,-0.0817,-50,0,1,0,0,1,0
10150020,169,657,795,3,0,50,0.196,50,0,1,0,0,1,0
10150020,169,657,796,3,0,-50,-0.1025,-50,0,1,0,0,1,0
10150000,170,661,803,3,0,50,0.1001,50,0,1,0,0,1,0
10150000,170,661,804,3,0,-50,-0.1984,-50,0,1,0,0,1,0
1537,171,665,811,3,0,50,0.1001,50,0,1,0,0,1,0
1537,171,665,812,3,0,-50,-0.1984,-50,0,1,0,0,1,0
1537,172,669,819,3,0,50,0.196,50,0,1,0,0,1,0
1537,172,669,820,3,0,-50,-0.1025,-50,0,1,0,0,1,0
10060056,173,673,825,3,0,50,0.2994,50,0,1,0,0,1,0
1468,174,677,831,3,0,50,0.0784,50,0,1,0,0,1,0
1468,174,677,832,3,0,-50,-0.041,-50,0,1,0,0,1,0
10150000,175,681,839,3,0,50,0.0015,50,0,1,0,0,1,0
10150000,175,681,840,3,0,-50,-0.003,-50,0,1,0,0,1,0
1537,176,685,845,3,0,50,0.0207,50,0,1,0,0,1,0
10150000,177,689,851,3,0,50,0.0138,50,0,1,0,0,1,0
10150000,177,689,852,3,0,-50,-0.0072,-50,0,1,0,0,1,0
1468,178,693,857,3,0,50,0.0017,50,0,1,0,0,1,0
10060056,179,697,861,3,0,50,0.0027,50,0,1,0,0,1,0
10060114,180,701,867,3,0,50,0.002,50,0,1,0,0,1,0
10060114,180,701,868,3,0,-50,-0.001,-50,0,1,0,0,1,0
10060114,181,705,873,3,0,50,0.006,50,0,1,0,0,1,0
1468,182,709,879,3,0,50,0.0032,50,0,1,0,0,1,0
1468,182,709,880,3,0,-50,-0.0064,-50,0,1,0,0,1,0
10060093,183,713,887,3,0,50,0.0128,50,0,1,0,0,1,0
10060093,183,713,888,3,0,-50,-0.0067,-50,0,1,0,0,1,0
10060105,184,717,893,3,0,50,0.648,50,0,1,0,0,1,0
10060114,185,721,897,3,0,50,0.0015,50,0,1,0,0,1,0
10060114,186,725,901,3,0,-50,-0.0011,-50,0,1,0,0,1,0
10060146,187,729,907,3,0,50,0.001,50,0,1,0,0,1,0
10060146,187,729,908,3,0,-50,-0.002,-50,0,1,0,0,1,0
10060073,188,733,915,3,0,50,0.002,50,0,1,0,0,1,0
10060073,188,733,916,3,0,-50,-0.001,-50,0,1,0,0,1,0
10060060,189,737,921,3,0,50,0.027,50,0,1,0,0,1,0
10060056,190,741,925,3,0,-50,-0.0011,-50,0,1,0,0,1,0
1468,191,745,929,3,0,50,0.4815,50,0,1,0,0,1,0
1537,192,749,933,3,0,50,0.0015,50,0,1,0,0,1,0
1537,194,757,937,3,0,-50,-0.0011,-50,0,1,0,0,1,0
1537,195,761,941,3,0,50,0.0017,50,0,1,0,0,1,0
10150000,196,765,945,3,0,-50,-0.0011,-50,0,1,0,0,1,0
10150000,197,769,949,3,0,50,0.0017,50,0,1,0,0,1,0
1537,198,773,953,3,0,50,0.0132,50,0,1,0,0,1,0
1537,199,777,957,3,0,50,1.1664,50,0,1,0,0,1,0
1743,200,781,961,3,0,-67.0135,-749.85,-67.0135,0,1,0,0,1,0
10060000,201,785,965,3,0,-58.1676,-1.15,-58.1676,0,1,0,0,1,0
10060114,202,789,969,3,0,-59.8911,-0.16,-59.8911,0,1,0,0,1,0
10150000,203,793,973,3,0,-60.6575,-0.989,-60.6575,0,1,0,0,1,0
1537,204,797,977,3,0,-58.884,-0.999,-58.884,0,1,0,0,1,0
1537,205,801,981,3,0,-59.754,-2.322,-59.754,0,1,0,0,1,0
10060099,206,805,985,3,0,-62.8913,-1.05,-62.8913,0,1,0,0,1,0
10060000,207,809,989,3,0,-55.8124,-0.96,-55.8124,0,1,0,0,1,0
1537,208,813,993,3,0,-59.4138,-0.995,-59.4138,0,1,0,0,1,0
10150019,209,817,997,3,0,-58.2403,-0.995,-58.2403,0,1,0,0,1,0
10150000,210,821,1001,3,0,-60.5563,-0.995,-60.5563,0,1,0,0,1,0
1537,211,825,1005,3,0,-59.0384,-0.04,-59.0384,0,1,0,0,1,0
1537,212,829,1009,3,0,-58.8418,-0.096,-58.8418,0,1,0,0,1,0
1537,213,833,1013,3,0,-67.9256,-0.044,-67.9256,0,1,0,0,1,0
1537,214,837,1017,3,0,-57.4917,-0.36,-57.4917,0,1,0,0,1,0
10060000,215,841,1021,3,0,-67.2916,-0.63,-67.2916,0,1,0,0,1,0
10060056,216,845,1025,3,0,-58.2718,-0.14,-58.2718,0,1,0,0,1,0
10060056,218,853,1029,3,0,-63.2504,-0.0481,-63.2504,0,1,0,0,1,0
10060077,219,857,1033,3,0,-63.7279,-1.718,-63.7279,0,1,0,0,1,0
10060021,220,861,1037,3,0,-61.1398,-0.01,-61.1398,0,1,0,0,1,0
10060039,221,865,1041,3,0,-59.318,-0.14,-59.318,0,1,0,0,1,0
1537,222,869,1045,3,0,-64.3015,-0.2,-64.3015,0,1,0,0,1,0
10150000,223,873,1049,3,0,72.228,3.6,72.228,0,1,0,0,1,0
1537,224,877,1053,3,0,-61.9702,-0.035,-61.9702,0,1,0,0,1,0
10150000,225,881,1057,3,0,-63.0583,-0.36,-63.0583,0,1,0,0,1,0
1537,226,885,1061,3,0,-59.3854,-0.03,-59.3854,0,1,0,0,1,0
1537,227,889,1065,3,0,-65.252,-0.03,-65.252,0,1,0,0,1,0
1537,228,893,1069,3,0,-62.1238,-0.06,-62.1238,0,1,0,0,1,0
1537,229,897,1073,3,0,-62.2119,-0.06,-62.2119,0,1,0,0,1,0
1468,230,901,1079,3,0,-58.7235,-1.5438,-58.7235,0,1,0,0,1,0
1468,230,901,1080,3,0,78.7235,1.0816,78.7235,0,1,0,0,1,0
1537,231,905,1087,3,0,-58.7235,-1.739,-58.7235,0,1,0,0,1,0
1537,231,905,1088,3,0,78.7235,0.9608,78.7235,0,1,0,0,1,0
10060014,232,909,1095,3,0,-58.7235,-0.1008,-58.7235,0,1,0,0,1,0
10060014,232,909,1096,3,0,78.7235,0.0767,78.7235,0,1,0,0,1,0
10060032,233,913,1103,3,0,-58.7235,-0.1021,-58.7235,0,1,0,0,1,0
10060032,233,913,1104,3,0,78.7235,0.0636,78.7235,0,1,0,0,1,0
10060056,234,917,1111,3,0,-58.7235,-0.6807,-58.7235,0,1,0,0,1,0
10060056,234,917,1112,3,0,78.7235,0.4575,78.7235,0,1,0,0,1,0
10060069,235,921,1119,3,0,-58.7235,-0.1692,-58.7235,0,1,0,0,1,0
10060069,235,921,1120,3,0,78.7235,0.1234,78.7235,0,1,0,0,1,0
10060078,236,925,1127,3,0,-58.7235,-0.0788,-58.7235,0,1,0,0,1,0
10060078,236,925,1128,3,0,78.7235,0.0507,78.7235,0,1,0,0,1,0
10060093,237,929,1135,3,0,-58.7235,-0.214,-58.7235,0,1,0,0,1,0
10060093,237,929,1136,3,0,78.7235,0.1447,78.7235,0,1,0,0,1,0
10060114,238,933,1143,3,0,-58.7235,-0.6166,-58.7235,0,1,0,0,1,0
10060114,238,933,1144,3,0,78.7235,0.4728,78.7235,0,1,0,0,1,0
10060128,239,937,1151,3,0,-58.7235,-0.1462,-58.7235,0,1,0,0,1,0
10060128,239,937,1152,3,0,78.7235,0.1021,78.7235,0,1,0,0,1,0
10060139,240,941,1159,3,0,-58.7235,-0.1251,-58.7235,0,1,0,0,1,0
10060139,240,941,1160,3,0,78.7235,0.0958,78.7235,0,1,0,0,1,0
10150010,241,945,1167,3,0,-58.7235,-0.0116,-58.7235,0,1,0,0,1,0
10150010,241,945,1168,3,0,78.7235,0.006,78.7235,0,1,0,0,1,0
10150013,242,949,1175,3,0,-58.7235,-0.0168,-58.7235,0,1,0,0,1,0
10150013,242,949,1176,3,0,78.7235,0.0064,78.7235,0,1,0,0,1,0
10150014,243,953,1183,3,0,-58.7235,-0.0285,-58.7235,0,1,0,0,1,0
10150014,243,953,1184,3,0,78.7235,0.0064,78.7235,0,1,0,0,1,0
10150018,244,957,1191,3,0,-58.7235,-0.0056,-58.7235,0,1,0,0,1,0
10150018,244,957,1192,3,0,78.7235,0,78.7235,0,1,0,0,1,0
10150020,245,961,1199,3,0,-58.7235,-0.0112,-58.7235,0,1,0,0,1,0
10150020,245,961,1200,3,0,78.7235,0.0081,78.7235,0,1,0,0,1,0
10150022,246,965,1207,3,0,-58.7235,-0.0116,-58.7235,0,1,0,0,1,0
10150022,246,965,1208,3,0,78.7235,0,78.7235,0,1,0,0,1,0
1468,247,969,1213,3,0,0,0.037,0,1,1,0,0,1,0
1468,248,973,1217,3,0,0,-0.0082,0,1,1,0,0,1,0
1468,249,977,1221,3,0,0,0.1352,0,1,1,0,0,1,0
1468,250,981,1225,3,0,0,-0.1536,0,1,1,0,0,1,0
1468,251,985,1229,3,0,22.069,-0.2698,22.069,1,1,0,0,1,0
1468,252,989,1233,3,0,57.4061,0.1352,57.4061,1,1,0,0,1,0
1468,253,993,1237,3,0,90.7925,-0.2698,90.7925,1,1,0,0,1,0
1468,254,997,1241,3,0,91.5213,0.1352,91.5213,1,1,1,0,1,0
1537,255,1001,1245,3,0,0,0.0394,0,1,1,1,1,1,0
1537,256,1005,1249,3,0,0,-0.0092,0,1,1,1,1,1,0
1537,257,1009,1253,3,0,0,0.162,0,1,1,1,1,1,0
1537,258,1013,1257,3,0,0,-0.1876,0,1,1,1,0,1,0
1537,259,1017,1261,3,0,21.9946,-0.303,21.9946,1,1,1,1,1,0
1537,260,1021,1265,3,0,55.8009,0.162,55.8009,1,1,1,1,1,0
1537,261,1025,1269,3,0,90.7182,-0.303,90.7182,1,1,1,1,1,0
1537,262,1029,1273,3,0,90.965,0.162,90.965,1,1,1,0,1,0
10150012,265,1036,1280,3,0,0,0.0011,0,1,1,1,1,1,0
10150012,266,1040,1284,3,0,0,-0.0014,0,1,1,1,1,1,0
10150012,267,1043,1287,3,0,17.2282,-0.0019,17.2282,1,1,1,1,1,0
10150012,268,1047,1291,3,0,48.035,0.0011,48.035,1,1,1,0,1,0
10150012,269,1051,1295,3,0,85.9517,-0.0019,85.9517,1,1,1,1,1,0
10150012,270,1055,1299,3,0,86.1847,0.0011,86.1847,1,1,1,1,1,0
10150015,273,1062,1306,3,0,0,0.0011,0,1,1,1,1,1,0
10150015,274,1066,1310,3,0,0,-0.0015,0,1,1,1,0,1,0
10150015,275,1069,1313,3,0,17.851,-0.0019,17.851,1,1,1,1,1,0
10150015,276,1073,1317,3,0,47.6794,0.0011,47.6794,1,1,1,1,1,0
10150015,277,1077,1321,3,0,86.5745,-0.0019,86.5745,1,1,1,1,1,0
10150015,278,1081,1325,3,0,86.8268,0.0011,86.8268,1,1,1,0,1,0
10150019,281,1089,1333,3,0,0,0.0035,0,1,1,1,1,1,0
10150019,282,1093,1337,3,0,0,-0.0041,0,1,1,1,1,1,0
10150019,283,1096,1340,3,0,21.0936,-0.0065,21.0936,1,1,1,1,1,0
10150019,284,1100,1344,3,0,54.694,0.0035,54.694,1,1,1,0,1,0
10150019,285,1104,1348,3,0,89.8171,-0.0065,89.8171,1,1,1,1,1,0
10150019,286,1108,1352,3,0,89.6651,0.0035,89.6651,1,1,1,1,1,0
10060014,287,1112,1356,3,0,0,0.0024,0,1,1,1,1,1,0
10060014,289,1117,1361,3,0,0,0.0072,0,1,1,1,0,1,0
10060014,290,1121,1365,3,0,0,-0.0082,0,1,1,1,1,1,0
10060014,291,1124,1368,3,0,21.0419,-0.0158,21.0419,1,1,1,1,1,0
10060014,292,1128,1372,3,0,56.5086,0.0072,56.5086,1,1,1,1,1,0
10060014,293,1132,1376,3,0,89.7654,-0.0158,89.7654,1,1,0,0,1,0
10060014,294,1136,1380,3,0,90.1768,0.0072,90.1768,1,1,0,0,1,0
10060032,295,1140,1384,3,0,0,0.0035,0,1,1,0,0,1,0
10060032,297,1146,1390,3,0,0,0.0113,0,1,1,0,0,1,0
10060032,298,1150,1394,3,0,0,-0.0134,0,1,1,0,0,1,0
10060032,299,1154,1398,3,0,21.1182,-0.0227,21.1182,1,1,0,0,1,0
10060032,300,1158,1402,3,0,54.8959,0.0113,54.8959,1,1,0,0,1,0
10060032,301,1162,1406,3,0,89.8417,-0.0227,89.8417,1,1,0,0,1,0
10060032,302,1166,1410,3,0,90.5521,0.0113,90.5521,1,1,0,0,1,0
10060056,303,1170,1414,3,0,0,0.0135,0,1,1,0,0,1,0
10060056,304,1174,1418,3,0,0,-0.0025,0,1,1,0,0,1,0
10060056,305,1178,1422,3,0,0,0.0442,0,1,1,0,0,1,0
10060056,306,1182,1426,3,0,0,-0.0505,0,1,1,0,0,1,0
10060056,307,1186,1430,3,0,21.5196,-0.0908,21.5196,1,1,0,0,1,0
10060056,308,1190,1434,3,0,56.8963,0.0442,56.8963,1,1,0,0,1,0
10060056,309,1194,1438,3,0,90.2431,-0.0908,90.2431,1,1,0,0,1,0
10060056,310,1198,1442,3,0,91.003,0.0442,91.003,1,1,0,0,1,0
10060069,311,1202,1446,3,0,0,0.0031,0,1,1,0,0,1,0
10060069,313,1208,1452,3,0,0,0.0118,0,1,1,0,0,1,0
10060069,314,1212,1456,3,0,0,-0.0133,0,1,1,0,0,1,0
10060069,315,1216,1460,3,0,22.3786,-0.0232,22.3786,1,1,0,0,1,0
10060069,316,1220,1464,3,0,58.0714,0.0118,58.0714,1,1,0,0,1,0
10060069,317,1224,1468,3,0,91.1022,-0.0232,91.1022,1,1,0,0,1,0
10060069,318,1228,1472,3,0,92.0373,0.0118,92.0373,1,1,0,0,1,0
10060078,319,1232,1476,3,0,0,0.0076,0,1,1,0,0,1,0
10060078,320,1236,1480,3,0,0,-0.0011,0,1,1,0,0,1,0
10060078,321,1239,1483,3,0,0,0.0205,0,1,1,0,0,1,0
10060078,322,1243,1487,3,0,0,-0.0247,0,1,1,0,0,1,0
10060078,323,1247,1491,3,0,21.0101,-0.0435,21.0101,1,1,0,0,1,0
10060078,324,1251,1495,3,0,54.033,0.0205,54.033,1,1,0,0,1,0
10060078,325,1255,1499,3,0,89.7337,-0.0435,89.7337,1,1,0,0,1,0
10060078,326,1259,1503,3,0,90.4473,0.0205,90.4473,1,1,0,0,1,0
10060093,327,1263,1507,3,0,0,0.0035,0,1,1,0,0,1,0
10060093,329,1269,1513,3,0,0,0.0129,0,1,1,0,0,1,0
10060093,330,1273,1517,3,0,0,-0.0153,0,1,1,0,0,1,0
10060093,331,1277,1521,3,0,22.612,-0.0251,22.612,1,1,0,0,1,0
10060093,332,1281,1525,3,0,56.111,0.0129,56.111,1,1,0,0,1,0
10060093,333,1285,1529,3,0,91.3355,-0.0251,91.3355,1,1,0,0,1,0
10060093,334,1289,1533,3,0,91.8501,0.0129,91.8501,1,1,0,0,1,0
10060114,335,1293,1537,3,0,0,0.0218,0,1,1,0,0,1,0
10060114,336,1297,1541,3,0,0,-0.0047,0,1,1,0,0,1,0
10060114,337,1301,1545,3,0,0,0.0792,0,1,1,0,0,1,0
10060114,338,1305,1549,3,0,0,-0.0909,0,1,1,0,0,1,0
10060114,339,1309,1553,3,0,22.2663,-0.1578,22.2663,1,1,0,0,1,0
10060114,340,1313,1557,3,0,57.3748,0.0792,57.3748,1,1,0,0,1,0
10060114,341,1317,1561,3,0,90.9898,-0.1578,90.9898,1,1,0,0,1,0
10060114,342,1321,1565,3,0,91.7642,0.0792,91.7642,1,1,0,0,1,0
10060128,343,1325,1569,3,0,0,0.0037,0,1,1,0,0,1,0
10060128,345,1331,1575,3,0,0,0.0127,0,1,1,1,0,1,0
10060128,346,1335,1579,3,0,0,-0.0149,0,1,1,1,1,1,0
10060128,347,1339,1583,3,0,22.115,-0.0253,22.115,1,1,1,1,1,0
10060128,348,1343,1587,3,0,56.4364,0.0127,56.4364,1,1,1,1,1,0
10060128,349,1347,1591,3,0,90.8386,-0.0253,90.8386,1,1,1,0,1,0
10060128,350,1351,1595,3,0,91.4735,0.0127,91.4735,1,1,1,1,1,0
10060139,351,1355,1599,3,0,0,0.0025,0,1,1,1,0,1,0
10060139,353,1360,1604,3,0,0,0.0079,0,1,1,1,1,1,0
10060139,354,1364,1608,3,0,0,-0.0095,0,1,1,1,1,1,0
10060139,355,1368,1612,3,0,20.5382,-0.0161,20.5382,1,1,1,1,1,0
10060139,356,1372,1616,3,0,54.2168,0.0079,54.2168,1,1,1,0,1,0
10060139,357,1376,1620,3,0,89.2617,-0.0161,89.2617,1,1,1,1,1,0
10060139,358,1380,1624,3,0,90.1606,0.0079,90.1606,1,1,1,1,1,0
1468,7,10,13,4,0,-4.7,-6.272,-4.7,0,1,1,1,1,0
1468,7,10,14,4,0,-3,-31.2641,-3,0,1,1,0,1,-6.272020276
1468,7,10,15,4,0,25.1,-31.5091,25.1,0,1,1,1,1,-31.26412209
1537,8,14,22,4,0,-4.7,-21.8578,-4.7,0,1,1,1,1,0
1537,8,14,23,4,0,-3,-85.9148,-3,0,1,1,1,1,-21.85779293
1537,8,14,24,4,0,25.1,-86.2298,25.1,0,1,1,0,1,-85.91481723
10150000,9,18,31,4,0,-4.7,-5.5704,-4.7,0,1,1,1,1,0
10150000,9,18,32,4,0,-3,-21.9747,-3,0,1,1,1,1,-5.570402818
10150010,10,22,36,4,0,-3,-0.1761,-3,0,1,1,1,1,0
10150011,11,26,40,4,0,-3,-0.3612,-3,0,1,1,0,1,0
10150012,12,30,44,4,0,-3,-0.2963,-3,0,1,1,1,1,0
10150013,13,34,48,4,0,-3,-0.1465,-3,0,1,1,1,1,0
10150014,14,38,52,4,0,-3,-0.0762,-3,0,1,1,1,1,0
10150015,15,42,59,4,0,-4.7,-2.0255,-4.7,0,1,1,0,1,0
10150015,15,42,60,4,0,-3,-2.1711,-3,0,1,1,1,1,-2.025510193
10150016,16,46,64,4,0,-3,-0.062,-3,0,1,1,1,1,0
10150017,17,50,68,4,0,-3,-0.3751,-3,0,1,1,1,1,0
10150018,18,54,72,4,0,-3,-0.5356,-3,0,1,0,0,1,0
10150019,19,58,79,4,0,-4.7,-0.4139,-4.7,0,1,0,0,1,0
10150019,19,58,80,4,0,-3,-0.7993,-3,0,1,0,0,1,-0.413874924
10150019,19,58,81,4,0,25.1,-0.8093,25.1,0,1,0,0,1,-0.799268537
10150020,20,62,85,4,0,-3,-0.1083,-3,0,1,0,0,1,0
10150021,21,66,92,4,0,-4.7,-0.421,-4.7,0,1,0,0,1,0
10150021,21,66,93,4,0,-3,-0.5755,-3,0,1,0,0,1,-0.420965056
10150022,22,70,97,4,0,-3,-0.0783,-3,0,1,0,0,1,0
10150023,23,74,101,4,0,-3,-0.1621,-3,0,1,0,0,1,0
10150024,24,78,108,4,0,-4.7,-0.4287,-4.7,0,1,0,0,1,0
10150024,24,78,109,4,0,-3,-0.9693,-3,0,1,0,0,1,-0.428711642
10060000,25,82,116,4,0,-4.7,-1.6358,-4.7,0,1,0,0,1,0
10060000,25,82,117,4,0,-3,-13.6492,-3,0,1,0,0,1,-1.635840401
10060010,26,86,121,4,0,-3,-0.1723,-3,0,1,0,0,1,0
10060011,27,90,125,4,0,-3,-0.1959,-3,0,1,0,0,1,0
10060012,28,94,129,4,0,-3,-0.2079,-3,0,1,0,0,1,0
10060013,29,98,133,4,0,-3,-0.1733,-3,0,1,0,0,1,0
10060014,30,102,137,4,0,-3,-0.5011,-3,0,1,0,0,1,0
10060014,30,102,138,4,0,25.1,-0.5311,25.1,0,1,0,0,1,-0.501108852
10060015,31,106,142,4,0,-3,-0.3879,-3,0,1,0,0,1,0
10060016,32,110,146,4,0,-3,-0.1674,-3,0,1,0,0,1,0
10060017,33,114,150,4,0,-3,-0.0991,-3,0,1,0,0,1,0
10060018,34,118,154,4,0,-3,-0.412,-3,0,1,0,0,1,0
10060019,35,122,158,4,0,-3,-0.8337,-3,0,1,0,0,1,0
10060020,36,126,165,4,0,-4.7,-0.4263,-4.7,0,1,0,0,1,0
10060020,36,126,166,4,0,-3,-0.4935,-3,0,1,0,0,1,-0.426308935
10060021,37,130,170,4,0,-3,-0.0791,-3,0,1,0,0,1,0
10060022,38,134,174,4,0,-3,-0.1626,-3,0,1,0,0,1,0
10060023,39,138,181,4,0,-4.7,-0.4283,-4.7,0,1,0,0,1,0
10060023,39,138,182,4,0,-3,-0.8538,-3,0,1,0,0,1,-0.428316911
10060024,40,142,186,4,0,-3,-0.263,-3,0,1,0,0,1,0
10060028,41,146,190,4,0,-3,-0.4969,-3,0,1,0,0,1,0
10060029,42,150,194,4,0,-3,-0.0794,-3,0,1,0,0,1,0
10060003,43,154,198,4,0,-3,-0.2813,-3,0,1,0,0,1,0
10060030,44,158,202,4,0,-3,-0.144,-3,0,1,0,0,1,0
10060031,45,162,206,4,0,-3,-0.3292,-3,0,1,0,0,1,0
10060032,46,166,210,4,0,-3,-0.0885,-3,0,1,0,0,1,0
10060032,46,166,211,4,0,25.1,-0.1085,25.1,0,1,0,0,1,-0.088471605
10060033,47,170,215,4,0,-3,-0.1083,-3,0,1,0,0,1,0
10060034,48,174,219,4,0,-3,-0.128,-3,0,1,0,0,1,0
10060035,49,178,223,4,0,-3,-0.2485,-3,0,1,0,0,1,0
10060036,50,182,227,4,0,-3,-0.4766,-3,0,1,0,0,1,0
10060037,51,186,231,4,0,-3,-0.0851,-3,0,1,0,0,1,0
10060038,52,190,235,4,0,-3,-0.1819,-3,0,1,0,0,1,0
10060039,53,194,239,4,0,-3,-0.2457,-3,0,1,0,0,1,0
10060004,54,198,243,4,0,-3,-0.2124,-3,0,1,0,0,1,0
10060040,55,202,250,4,0,-4.7,-0.7644,-4.7,0,1,0,0,1,0
10060040,55,202,251,4,0,-3,-1.4994,-3,0,1,0,0,1,-0.76444709
10060041,56,206,255,4,0,-3,-0.3167,-3,0,1,0,0,1,0
10060042,57,210,259,4,0,-3,-0.0519,-3,0,1,0,0,1,0
10060043,58,214,263,4,0,-3,-0.0838,-3,0,1,0,0,1,0
10060044,59,218,267,4,0,-3,-0.1578,-3,0,1,0,0,1,0
10060045,60,222,271,4,0,-3,-0.6544,-3,0,1,0,0,1,0
10060046,61,226,275,4,0,-3,-0.3872,-3,0,1,0,0,1,0
10060047,62,230,279,4,0,-3,-0.1447,-3,0,1,0,0,1,0
10060048,63,234,283,4,0,-3,-0.076,-3,0,1,0,0,1,0
10060049,64,238,290,4,0,-4.7,-0.4282,-4.7,0,1,0,0,1,0
10060049,64,238,291,4,0,-3,-0.616,-3,0,1,0,0,1,-0.428209648
10060005,65,242,295,4,0,-3,-0.384,-3,0,1,0,0,1,0
10060050,66,246,299,4,0,-3,-0.1581,-3,0,1,0,0,1,0
10060051,67,250,303,4,0,-3,-0.1417,-3,0,1,0,0,1,0
10060052,68,254,310,4,0,-4.7,-1.4315,-4.7,0,1,0,0,1,0
10060052,68,254,311,4,0,-3,-1.7842,-3,0,1,0,0,1,-1.43149014
10060053,69,258,315,4,0,-3,-0.1467,-3,0,1,0,0,1,0
10060054,70,262,319,4,0,-3,-0.3521,-3,0,1,0,0,1,0
10060055,71,266,323,4,0,-3,-0.0878,-3,0,1,0,0,1,0
10060006,72,270,327,4,0,-3,-0.0467,-3,0,1,0,0,1,0
10060007,73,274,331,4,0,-3,-0.3103,-3,0,1,0,0,1,0
10060008,74,278,335,4,0,-3,-0.1617,-3,0,1,0,0,1,0
10060009,75,282,339,4,0,-3,-0.5027,-3,0,1,0,0,1,0
10060100,76,286,346,4,0,-4.7,-0.4282,-4.7,0,1,0,0,1,0
10060100,76,286,347,4,0,-3,-0.5689,-3,0,1,0,0,1,-0.428162452
10060101,77,290,351,4,0,-3,-0.4834,-3,0,1,0,0,1,0
10060102,78,294,355,4,0,-3,-0.223,-3,0,1,0,0,1,0
10060103,79,298,359,4,0,-3,-0.4023,-3,0,1,0,0,1,0
10060104,80,302,363,4,0,-3,-0.163,-3,0,1,0,0,1,0
10060105,81,306,367,4,0,-3,-0.6484,-3,0,1,1,0,1,0
10060106,82,310,371,4,0,-3,-0.1824,-3,0,1,1,1,1,0
10060107,83,314,378,4,0,-4.7,-0.4289,-4.7,0,1,1,1,1,0
10060107,83,314,379,4,0,-3,-0.9868,-3,0,1,1,0,1,-0.428883264
10060108,84,318,383,4,0,-3,-0.0803,-3,0,1,1,1,1,0
10060109,85,322,387,4,0,-3,-0.388,-3,0,1,1,0,1,0
10060056,86,326,394,4,0,-4.7,-3.4715,-4.7,0,1,1,1,1,0
10060056,86,326,395,4,0,-3,-14.7159,-3,0,1,1,1,1,-3.47146493
10060056,86,326,396,4,0,25.1,-14.8109,25.1,0,1,1,1,1,-14.715949
10060057,87,330,400,4,0,-3,-0.327,-3,0,1,1,0,1,0
10060058,88,334,407,4,0,-4.7,-0.4277,-4.7,0,1,1,1,1,0
10060058,88,334,408,4,0,-3,-0.5138,-3,0,1,1,1,1,-0.427690491
10060059,89,338,412,4,0,-3,-0.4393,-3,0,1,1,1,1,0
10060060,90,342,416,4,0,-3,-0.6192,-3,0,1,1,0,1,0
10060061,91,346,420,4,0,-3,-0.0697,-3,0,1,1,1,1,0
10060062,92,350,424,4,0,-3,-0.1717,-3,0,1,1,1,1,0
10060063,93,354,428,4,0,-3,-0.3589,-3,0,1,1,1,1,0
10060064,94,358,432,4,0,-3,-0.1789,-3,0,1,1,0,1,0
10060065,95,362,436,4,0,-3,-0.0815,-3,0,1,1,1,1,0
10060066,96,366,443,4,0,-4.7,-0.3707,-4.7,0,1,1,1,1,0
10060066,96,366,444,4,0,-3,-0.7641,-3,0,1,1,1,1,-0.370703421
10060067,97,370,448,4,0,-3,-0.1648,-3,0,1,1,0,1,0
10060068,98,374,452,4,0,-3,-0.0974,-3,0,1,1,1,1,0
10060069,99,378,456,4,0,-3,-0.177,-3,0,1,1,1,1,0
10060069,99,378,457,4,0,25.1,-0.207,25.1,0,1,1,1,1,-0.177021699
10060070,100,382,464,4,0,-4.7,-0.402,-4.7,0,1,1,0,1,0
10060070,100,382,465,4,0,-3,-0.601,-3,0,1,1,1,1,-0.402024428
10060071,101,386,469,4,0,-3,-0.3484,-3,0,1,1,1,1,0
10060072,102,390,473,4,0,-3,-0.5143,-3,0,1,1,1,1,0
10060073,103,394,477,4,0,-3,-0.0729,-3,0,1,0,0,1,0
10060074,104,398,481,4,0,-3,-0.0665,-3,0,1,0,0,1,0
10060075,105,402,488,4,0,-4.7,-0.4283,-4.7,0,1,0,0,1,0
10060075,105,402,489,4,0,-3,-0.6711,-3,0,1,0,0,1,-0.428282587
10060076,106,406,496,4,0,-4.7,-0.4263,-4.7,0,1,0,0,1,0
10060076,106,406,497,4,0,-3,-0.6206,-3,0,1,0,0,1,-0.426308935
10060077,107,410,501,4,0,-3,-0.4684,-3,0,1,0,0,1,0
10060078,108,414,505,4,0,-3,-0.1151,-3,0,1,0,0,1,0
10060078,108,414,506,4,0,25.1,-0.1601,25.1,0,1,0,0,1,-0.115095367
10060079,109,418,510,4,0,-3,-0.0982,-3,0,1,0,0,1,0
10060080,110,422,514,4,0,-3,-0.3812,-3,0,1,0,0,1,0
10060081,111,426,518,4,0,-3,-0.1887,-3,0,1,0,0,1,0
10060082,112,430,522,4,0,-3,-0.6142,-3,0,1,0,0,1,0
10060083,113,434,529,4,0,-4.7,-0.4289,-4.7,0,1,0,0,1,0
10060083,113,434,530,4,0,-3,-0.5807,-3,0,1,0,0,1,-0.428883264
10060084,114,438,534,4,0,-3,-0.4227,-3,0,1,0,0,1,0
10060085,115,442,538,4,0,-3,-0.3852,-3,0,1,0,0,1,0
10060086,116,446,542,4,0,-3,-0.1343,-3,0,1,0,0,1,0
10060087,117,450,546,4,0,-3,-0.2081,-3,0,1,0,0,1,0
10060088,118,454,550,4,0,-3,-0.1805,-3,0,1,0,0,1,0
10060089,119,458,554,4,0,-3,-0.1458,-3,0,1,0,0,1,0
10060090,120,462,558,4,0,-3,-0.3773,-3,0,1,0,0,1,0
10060091,121,466,562,4,0,-3,-0.3598,-3,0,1,0,0,1,0
10060092,122,470,566,4,0,-3,-0.226,-3,0,1,0,0,1,0
10060093,123,474,570,4,0,-3,-0.4495,-3,0,1,0,0,1,0
10060093,123,474,571,4,0,25.1,-0.4695,25.1,0,1,0,0,1,-0.449541042
10060094,124,478,575,4,0,-3,-0.2912,-3,0,1,0,0,1,0
10060095,125,482,579,4,0,-3,-0.0889,-3,0,1,0,0,1,0
10060096,126,486,583,4,0,-3,-0.2425,-3,0,1,0,0,1,0
10060097,127,490,590,4,0,-4.7,-0.4284,-4.7,0,1,0,0,1,0
10060097,127,490,591,4,0,-3,-0.5727,-3,0,1,0,0,1,-0.428368398
10060098,128,494,595,4,0,-3,-0.6081,-3,0,1,0,0,1,0
10060099,129,498,599,4,0,-3,-0.3401,-3,0,1,0,0,1,0
10060114,130,502,606,4,0,-4.7,-3.3398,-4.7,0,1,0,0,1,0
10060114,130,502,607,4,0,-3,-20.5797,-3,0,1,0,0,1,-3.339776103
10060114,130,502,608,4,0,25.1,-20.7047,25.1,0,1,0,0,1,-20.57970053
10060121,131,506,612,4,0,-3,-0.1659,-3,0,1,0,0,1,0
10060121,131,506,613,4,0,25.1,-0.1909,25.1,0,1,0,0,1,-0.165904617
10060122,132,510,617,4,0,-3,-0.0971,-3,0,1,0,0,1,0
10060123,133,514,624,4,0,-4.7,-0.9104,-4.7,0,1,0,0,1,0
10060123,133,514,625,4,0,-3,-1.2117,-3,0,1,0,0,1,-0.910385819
10060124,134,518,629,4,0,-3,-0.2725,-3,0,1,0,0,1,0
10060125,135,522,633,4,0,-3,-0.1539,-3,0,1,0,0,1,0
10060126,136,526,637,4,0,-3,-0.09,-3,0,1,0,0,1,0
10060127,137,530,641,4,0,-3,-0.3158,-3,0,1,0,0,1,0
10060128,138,534,645,4,0,-3,-0.3457,-3,0,1,0,0,1,0
10060129,139,538,649,4,0,-3,-0.2491,-3,0,1,0,0,1,0
10060130,140,542,653,4,0,-3,-0.0798,-3,0,1,0,0,1,0
10060131,141,546,657,4,0,-3,-0.396,-3,0,1,0,0,1,0
10060132,142,550,664,4,0,-4.7,-0.3431,-4.7,0,1,0,0,1,0
10060132,142,550,665,4,0,-3,-0.3767,-3,0,1,0,0,1,-0.343106611
10060133,143,554,669,4,0,-3,-0.2685,-3,0,1,0,0,1,0
10060134,144,558,673,4,0,-3,-0.2187,-3,0,1,0,0,1,0
10060135,145,562,677,4,0,-3,-0.2161,-3,0,1,0,0,1,0
10060136,146,566,681,4,0,-3,-0.1793,-3,0,1,0,0,1,0
10060137,147,570,685,4,0,-3,-0.4653,-3,0,1,0,0,1,0
10060137,147,570,686,4,0,25.1,-0.4853,25.1,0,1,0,0,1,-0.465282343
10060138,148,574,690,4,0,-3,-0.2608,-3,0,1,0,0,1,0
10060139,149,578,694,4,0,-3,-0.1592,-3,0,1,0,0,1,0
10060140,150,582,698,4,0,-3,-0.106,-3,0,1,0,0,1,0
10060141,151,586,702,4,0,-3,-0.3703,-3,0,1,0,0,1,0
10060142,152,590,706,4,0,-3,-0.2518,-3,0,1,0,0,1,0
10060143,153,594,710,4,0,-3,-0.4455,-3,0,1,0,0,1,0
10060144,154,598,714,4,0,-3,-0.2126,-3,0,1,0,0,1,0
10060145,155,602,718,4,0,-3,-0.4164,-3,0,1,0,0,1,0
10060146,156,606,722,4,0,-3,-0.0661,-3,0,1,0,0,1,0
10060147,157,610,726,4,0,-3,-0.729,-3,0,1,0,0,1,0
10060148,158,614,730,4,0,-3,-0.3018,-3,0,1,0,0,1,0
10150000,159,618,734,4,0,50,0.2664,50,0,1,0,0,1,0
1537,160,622,741,4,0,50,0.4194,50,0,1,0,0,1,0
1537,160,622,742,4,0,-50,-0.2196,-50,0,1,0,0,1,0
10060056,161,626,746,4,0,50,0.021,50,0,1,0,0,1,0
10060131,162,630,750,4,0,50,0.849,50,0,1,0,0,1,0
1537,163,634,757,4,0,50,0.2203,50,0,1,0,0,1,0
1537,163,634,758,4,0,-50,-0.4367,-50,0,1,0,0,1,0
1537,164,638,765,4,0,50,0.1965,50,0,1,0,0,1,0
1537,164,638,766,4,0,-50,-0.1029,-50,0,1,0,0,1,0
1537,165,642,773,4,0,50,0.1207,50,0,1,0,0,1,0
1537,165,642,774,4,0,-50,-0.2393,-50,0,1,0,0,1,0
10060139,166,646,778,4,0,50,0.1224,50,0,1,0,0,1,0
10060114,167,650,782,4,0,50,0.3,50,0,1,0,0,1,0
10060137,168,654,789,4,0,50,0.0413,50,0,1,0,0,1,0
10060137,168,654,790,4,0,-50,-0.0817,-50,0,1,0,0,1,0
10150020,169,658,797,4,0,50,0.1959,50,0,1,0,0,1,0
10150020,169,658,798,4,0,-50,-0.1026,-50,0,1,0,0,1,0
10150000,170,662,805,4,0,50,0.1001,50,0,1,0,0,1,0
10150000,170,662,806,4,0,-50,-0.1984,-50,0,1,0,0,1,0
1537,171,666,813,4,0,50,0.1001,50,0,1,0,0,1,0
1537,171,666,814,4,0,-50,-0.1984,-50,0,1,0,0,1,0
1537,172,670,821,4,0,50,0.1959,50,0,1,0,0,1,0
1537,172,670,822,4,0,-50,-0.1026,-50,0,1,0,0,1,0
10060056,173,674,826,4,0,50,0.2994,50,0,1,0,0,1,0
1468,174,678,833,4,0,50,0.0784,50,0,1,0,0,1,0
1468,174,678,834,4,0,-50,-0.041,-50,0,1,0,0,1,0
10150000,175,682,841,4,0,50,0.0015,50,0,1,0,0,1,0
10150000,175,682,842,4,0,-50,-0.003,-50,0,1,0,0,1,0
1537,176,686,846,4,0,50,0.0207,50,0,1,0,0,1,0
10150000,177,690,853,4,0,50,0.0138,50,0,1,0,0,1,0
10150000,177,690,854,4,0,-50,-0.0072,-50,0,1,0,0,1,0
1468,178,694,858,4,0,50,0.0017,50,0,1,0,0,1,0
10060056,179,698,862,4,0,50,0.0027,50,0,1,0,0,1,0
10060114,180,702,869,4,0,50,0.002,50,0,1,0,0,1,0
10060114,180,702,870,4,0,-50,-0.001,-50,0,1,0,0,1,0
10060114,181,706,874,4,0,50,0.006,50,0,1,0,0,1,0
1468,182,710,881,4,0,50,0.0032,50,0,1,0,0,1,0
1468,182,710,882,4,0,-50,-0.0064,-50,0,1,0,0,1,0
10060093,183,714,889,4,0,50,0.0128,50,0,1,0,0,1,0
10060093,183,714,890,4,0,-50,-0.0067,-50,0,1,0,0,1,0
10060105,184,718,894,4,0,50,0.648,50,0,1,0,0,1,0
10060114,185,722,898,4,0,50,0.0015,50,0,1,0,0,1,0
10060114,186,726,902,4,0,-50,-0.0011,-50,0,1,0,0,1,0
10060146,187,730,909,4,0,50,0.001,50,0,1,0,0,1,0
10060146,187,730,910,4,0,-50,-0.002,-50,0,1,0,0,1,0
10060073,188,734,917,4,0,50,0.002,50,0,1,0,0,1,0
10060073,188,734,918,4,0,-50,-0.001,-50,0,1,0,0,1,0
10060060,189,738,922,4,0,50,0.027,50,0,1,0,0,1,0
10060056,190,742,926,4,0,-50,-0.0011,-50,0,1,0,0,1,0
1468,191,746,930,4,0,50,0.4815,50,0,1,0,0,1,0
1537,192,750,934,4,0,50,0.0015,50,0,1,0,0,1,0
1537,194,758,938,4,0,-50,-0.0011,-50,0,1,0,0,1,0
1537,195,762,942,4,0,50,0.0017,50,0,1,0,0,1,0
10150000,196,766,946,4,0,-50,-0.0011,-50,0,1,0,0,1,0
10150000,197,770,950,4,0,50,0.0017,50,0,1,0,0,1,0
1537,198,774,954,4,0,50,0.0132,50,0,1,0,0,1,0
1537,199,778,958,4,0,50,1.1664,50,0,1,1,0,1,0
1743,200,782,962,4,0,-67.0135,-749.85,-67.0135,0,1,1,1,1,0
10060000,201,786,966,4,0,-58.1676,-1.15,-58.1676,0,1,0,0,1,0
10060114,202,790,970,4,0,-59.8911,-0.16,-59.8911,0,1,1,0,1,0
10150000,203,794,974,4,0,-60.6575,-0.989,-60.6575,0,1,1,1,1,0
1537,204,798,978,4,0,-58.884,-0.999,-58.884,0,1,1,1,1,0
1537,205,802,982,4,0,-59.754,-2.322,-59.754,0,1,1,1,1,0
10060099,206,806,986,4,0,-62.8913,-1.05,-62.8913,0,1,1,0,1,0
10060000,207,810,990,4,0,-55.8124,-0.96,-55.8124,0,1,1,1,1,0
1537,208,814,994,4,0,-59.4138,-0.995,-59.4138,0,1,1,1,1,0
10150019,209,818,998,4,0,-58.2403,-0.995,-58.2403,0,1,1,0,1,0
10150000,210,822,1002,4,0,-60.5563,-0.995,-60.5563,0,1,1,1,1,0
1537,211,826,1006,4,0,-59.0384,-0.04,-59.0384,0,1,1,1,1,0
1537,212,830,1010,4,0,-58.8418,-0.096,-58.8418,0,1,1,1,1,0
1537,213,834,1014,4,0,-67.9256,-0.044,-67.9256,0,1,1,0,1,0
1537,214,838,1018,4,0,-57.4917,-0.36,-57.4917,0,1,1,1,1,0
10060000,215,842,1022,4,0,-67.2916,-0.63,-67.2916,0,1,1,1,1,0
10060056,216,846,1026,4,0,-58.2718,-0.14,-58.2718,0,1,1,1,1,0
10060056,218,854,1030,4,0,-63.2504,-0.0481,-63.2504,0,1,1,0,1,0
10060077,219,858,1034,4,0,-63.7279,-1.718,-63.7279,0,1,1,1,1,0
10060021,220,862,1038,4,0,-61.1398,-0.01,-61.1398,0,1,1,1,1,0
10060039,221,866,1042,4,0,-59.318,-0.14,-59.318,0,1,1,1,1,0
1537,222,870,1046,4,0,-64.3015,-0.2,-64.3015,0,1,1,0,1,0
10150000,223,874,1050,4,0,72.228,3.6,72.228,0,1,1,1,1,0
1537,224,878,1054,4,0,-61.9702,-0.035,-61.9702,0,1,1,1,1,0
10150000,225,882,1058,4,0,-63.0583,-0.36,-63.0583,0,1,1,1,1,0
1537,226,886,1062,4,0,-59.3854,-0.03,-59.3854,0,1,0,0,1,0
1537,227,890,1066,4,0,-65.252,-0.03,-65.252,0,1,0,0,1,0
1537,228,894,1070,4,0,-62.1238,-0.06,-62.1238,0,1,0,0,1,0
1537,229,898,1074,4,0,-62.2119,-0.06,-62.2119,0,1,0,0,1,0
1468,230,902,1081,4,0,-58.7235,-1.1167,-58.7235,0,1,0,0,1,0
1468,230,902,1082,4,0,78.7235,0.8872,78.7235,0,1,0,0,1,0
1537,231,906,1089,4,0,-58.7235,-1.3836,-58.7235,0,1,0,0,1,0
1537,231,906,1090,4,0,78.7235,0.4741,78.7235,0,1,0,0,1,0
10060014,232,910,1097,4,0,-58.7235,-0.0617,-58.7235,0,1,0,0,1,0
10060014,232,910,1098,4,0,78.7235,0.0568,78.7235,0,1,0,0,1,0
10060032,233,914,1105,4,0,-58.7235,-0.0768,-58.7235,0,1,0,0,1,0
10060032,233,914,1106,4,0,78.7235,0.0383,78.7235,0,1,0,0,1,0
10060056,234,918,1113,4,0,-58.7235,-0.4998,-58.7235,0,1,0,0,1,0
10060056,234,918,1114,4,0,78.7235,0.3518,78.7235,0,1,0,0,1,0
10060069,235,922,1121,4,0,-58.7235,-0.1255,-58.7235,0,1,0,0,1,0
10060069,235,922,1122,4,0,78.7235,0.0985,78.7235,0,1,0,0,1,0
10060078,236,926,1129,4,0,-58.7235,-0.0563,-58.7235,0,1,0,0,1,0
10060078,236,926,1130,4,0,78.7235,0.0445,78.7235,0,1,0,0,1,0
10060093,237,930,1137,4,0,-58.7235,-0.1615,-58.7235,0,1,0,0,1,0
10060093,237,930,1138,4,0,78.7235,0.1021,78.7235,0,1,0,0,1,0
10060114,238,934,1145,4,0,-58.7235,-0.4767,-58.7235,0,1,0,0,1,0
10060114,238,934,1146,4,0,78.7235,0.3867,78.7235,0,1,0,0,1,0
10060128,239,938,1153,4,0,-58.7235,-0.0804,-58.7235,0,1,0,0,1,0
10060128,239,938,1154,4,0,78.7235,0.0536,78.7235,0,1,0,0,1,0
10060139,240,942,1161,4,0,-58.7235,-0.0775,-58.7235,0,1,0,0,1,0
10060139,240,942,1162,4,0,78.7235,0.0576,78.7235,0,1,0,0,1,0
10150010,241,946,1169,4,0,-58.7235,-0.0112,-58.7235,0,1,0,0,1,0
10150010,241,946,1170,4,0,78.7235,0.0064,78.7235,0,1,0,0,1,0
10150013,242,950,1177,4,0,-58.7235,-0.0112,-58.7235,0,1,0,0,1,0
10150013,242,950,1178,4,0,78.7235,0.0064,78.7235,0,1,0,0,1,0
10150014,243,954,1185,4,0,-58.7235,-0.0225,-58.7235,0,1,0,0,1,0
10150014,243,954,1186,4,0,78.7235,0,78.7235,0,1,0,0,1,0
10150018,244,958,1193,4,0,-58.7235,-0.0056,-58.7235,0,1,1,0,1,0
10150018,244,958,1194,4,0,78.7235,0,78.7235,0,1,1,1,1,0
10150020,245,962,1201,4,0,-58.7235,-0.008,-58.7235,0,1,0,0,1,0
10150020,245,962,1202,4,0,78.7235,0,78.7235,0,1,1,0,1,0
10150022,246,966,1209,4,0,-58.7235,-0.0086,-58.7235,0,1,1,1,1,0
10150022,246,966,1210,4,0,78.7235,0,78.7235,0,1,1,1,1,0
1468,247,970,1214,4,0,0,0.0146,0,1,1,1,1,1,0
1468,248,974,1218,4,0,0,-0.0067,0,1,1,1,0,1,0
1468,249,978,1222,4,0,0,0.1206,0,1,1,1,1,1,0
1468,250,982,1226,4,0,0,-0.0199,0,1,1,1,1,1,0
1468,251,986,1230,4,0,0,0.1317,0,1,1,1,0,1,0
1468,252,990,1234,4,0,0,-0.2048,0,1,1,1,1,1,0
1468,253,994,1238,4,0,94.0072,-0.2733,94.0072,1,1,1,1,1,0
1468,254,998,1242,4,0,95.2889,0.1317,95.2889,1,1,1,1,1,0
1537,255,1002,1246,4,0,0,0.0153,0,1,1,1,0,1,0
1537,256,1006,1250,4,0,0,-0.0075,0,1,1,1,1,1,0
1537,257,1010,1254,4,0,0,0.1449,0,1,1,1,1,1,0
1537,258,1014,1258,4,0,0,-0.0225,0,1,1,1,1,1,0
1537,259,1018,1262,4,0,0,0.1595,0,1,1,1,0,1,0
1537,260,1022,1266,4,0,0,-0.2513,0,1,1,1,1,1,0
1537,261,1026,1270,4,0,94.3243,-0.3055,94.3243,1,1,1,1,1,0
1537,262,1030,1274,4,0,94.8848,0.1595,94.8848,1,1,1,1,1,0
10150012,265,1037,1281,4,0,0,0.001,0,1,1,1,0,1,0
10150012,267,1044,1288,4,0,0,0.0011,0,1,1,1,1,1,0
10150012,268,1048,1292,4,0,0,-0.0019,0,1,1,1,1,1,0
10150012,269,1052,1296,4,0,88.9618,-0.0019,88.9618,1,1,1,1,1,0
10150012,270,1056,1300,4,0,89.4677,0.0011,89.4677,1,1,0,0,1,0
10150015,273,1063,1307,4,0,0,0.0011,0,1,1,0,0,1,0
10150015,275,1070,1314,4,0,0,0.0011,0,1,1,0,0,1,0
10150015,276,1074,1318,4,0,0,-0.0019,0,1,1,0,0,1,0
10150015,277,1078,1322,4,0,89.97,-0.0019,89.97,1,1,0,0,1,0
10150015,278,1082,1326,4,0,90.5259,0.0011,90.5259,1,1,0,0,1,0
10150019,281,1090,1334,4,0,0,0.0032,0,1,1,0,0,1,0
10150019,283,1097,1341,4,0,0,0.0035,0,1,1,0,0,1,0
10150019,284,1101,1345,4,0,0,-0.0054,0,1,1,0,0,1,0
10150019,285,1105,1349,4,0,93.2499,-0.0065,93.2499,1,1,0,0,1,0
10150019,286,1109,1353,4,0,93.3561,0.0035,93.3561,1,1,0,0,1,0
10060014,289,1118,1362,4,0,0,0.0069,0,1,1,0,0,1,0
10060014,291,1125,1369,4,0,0,0.0071,0,1,1,0,0,1,0
10060014,292,1129,1373,4,0,0,-0.0108,0,1,1,0,0,1,0
10060014,293,1133,1377,4,0,92.7654,-0.0159,92.7654,1,1,0,0,1,0
10060014,294,1137,1381,4,0,93.6514,0.0071,93.6514,1,1,0,0,1,0
10060032,295,1141,1385,4,0,0,0.0012,0,1,1,0,0,1,0
10060032,297,1147,1391,4,0,0,0.0104,0,1,1,0,0,1,0
10060032,298,1151,1395,4,0,0,-0.0015,0,1,1,0,0,1,0
10060032,299,1155,1399,4,0,0,0.011,0,1,1,0,0,1,0
10060032,300,1159,1403,4,0,0,-0.0178,0,1,1,0,0,1,0
10060032,301,1163,1407,4,0,93.0727,-0.023,93.0727,1,1,0,0,1,0
10060032,302,1167,1411,4,0,94.3226,0.011,94.3226,1,1,0,0,1,0
10060056,303,1171,1415,4,0,0,0.0048,0,1,1,0,0,1,0
10060056,304,1175,1419,4,0,0,-0.0021,0,1,1,0,0,1,0
10060056,305,1179,1423,4,0,0,0.0399,0,1,1,0,0,1,0
10060056,306,1183,1427,4,0,0,-0.0062,0,1,1,0,0,1,0
10060056,307,1187,1431,4,0,0,0.0431,0,1,1,0,0,1,0
10060056,308,1191,1435,4,0,0,-0.0669,0,1,1,0,0,1,0
10060056,309,1195,1439,4,0,93.39,-0.0919,93.39,1,1,0,0,1,0
10060056,310,1199,1443,4,0,94.6752,0.0431,94.6752,1,1,0,0,1,0
10060069,311,1203,1447,4,0,0,0.0013,0,1,1,0,0,1,0
10060069,313,1209,1453,4,0,0,0.0103,0,1,1,0,0,1,0
10060069,314,1213,1457,4,0,0,-0.0018,0,1,1,0,0,1,0
10060069,315,1217,1461,4,0,0,0.0115,0,1,1,0,0,1,0
10060069,316,1221,1465,4,0,0,-0.0178,0,1,1,0,0,1,0
10060069,317,1225,1469,4,0,94.3486,-0.0235,94.3486,1,1,1,0,1,0
10060069,318,1229,1473,4,0,95.8921,0.0115,95.8921,1,1,1,1,1,0
10060078,319,1233,1477,4,0,0,0.0023,0,1,1,1,0,1,0
10060078,321,1240,1484,4,0,0,0.0194,0,1,1,1,1,1,0
10060078,322,1244,1488,4,0,0,-0.0027,0,1,1,1,0,1,0
10060078,323,1248,1492,4,0,0,0.0199,0,1,1,1,1,1,0
10060078,324,1252,1496,4,0,0,-0.0331,0,1,1,1,1,1,0
10060078,325,1256,1500,4,0,92.9927,-0.0441,92.9927,1,1,1,1,1,0
10060078,326,1260,1504,4,0,94.2539,0.0199,94.2539,1,1,1,0,1,0
10060093,327,1264,1508,4,0,0,0.0012,0,1,1,1,1,1,0
10060093,329,1270,1514,4,0,0,0.012,0,1,1,1,1,1,0
10060093,330,1274,1518,4,0,0,-0.0017,0,1,1,1,0,1,0
10060093,331,1278,1522,4,0,0,0.0125,0,1,1,1,1,1,0
10060093,332,1282,1526,4,0,0,-0.0204,0,1,1,1,1,1,0
10060093,333,1286,1530,4,0,94.7653,-0.0255,94.7653,1,1,1,1,1,0
10060093,334,1290,1534,4,0,95.8192,0.0125,95.8192,1,1,1,0,1,0
10060114,335,1294,1538,4,0,0,0.0085,0,1,1,1,1,1,0
10060114,336,1298,1542,4,0,0,-0.0039,0,1,1,1,1,1,0
10060114,337,1302,1546,4,0,0,0.0714,0,1,1,1,1,1,0
10060114,338,1306,1550,4,0,0,-0.0115,0,1,1,1,0,1,0
10060114,339,1310,1554,4,0,0,0.0771,0,1,1,1,1,1,0
10060114,340,1314,1558,4,0,0,-0.1209,0,1,1,1,1,1,0
10060114,341,1318,1562,4,0,94.2664,-0.1599,94.2664,1,1,1,1,1,0
10060114,342,1322,1566,4,0,95.6187,0.0771,95.6187,1,1,1,0,1,0
10060128,343,1326,1570,4,0,0,0.0013,0,1,1,1,1,1,0
10060128,345,1332,1576,4,0,0,0.0115,0,1,1,1,1,1,0
10060128,346,1336,1580,4,0,0,-0.0017,0,1,1,1,1,1,0
10060128,347,1340,1584,4,0,0,0.0124,0,1,1,0,0,1,0
10060128,348,1344,1588,4,0,0,-0.0198,0,1,1,0,0,1,0
10060128,349,1348,1592,4,0,94.1644,-0.0256,94.1644,1,1,0,0,1,0
10060128,350,1352,1596,4,0,95.3404,0.0124,95.3404,1,1,0,0,1,0
10060139,353,1361,1605,4,0,0,0.0073,0,1,1,0,0,1,0
10060139,354,1365,1609,4,0,0,-0.0012,0,1,1,0,0,1,0
10060139,355,1369,1613,4,0,0,0.0077,0,1,1,0,0,1,0
10060139,356,1373,1617,4,0,0,-0.0126,0,1,1,0,0,1,0
10060139,357,1377,1621,4,0,92.4567,-0.0163,92.4567,1,1,0,0,1,0
10060139,358,1381,1625,4,0,93.974,0.0077,93.974,1,1,0,0,1,0
,,,,,,,,,,,0,0,,
,,,,,,,,,,,0,0,,
,,,,,,,,,,,0,0,,
,,,,,,,,,,,0,0,,
,,,,,,,,,,,0,0,,
,,,,,,,,,,,0,0,,
,,,,,,,,,,,0,0,,
,,,,,,,,,,,0,0,,
,,,,,,,,,,,0,0,,
,,,,,,,,,,,0,0,,
,,,,,,,,,,,0,0,,
,,,,,,,,,,,0,0,,
,,,,,,,,,,,0,0,,
,,,,,,,,,,,0,0,,
,,,,,,,,,,,0,0,,
,,,,,,,,,,,0,0,,
,,,,,,,,,,,0,0,,
,,,,,,,,,,,0,0,,
,,,,,,,,,,,0,0,,
,,,,,,,,,,,0,0,,
,,,,,,,,,,,0,0,,
,,,,,,,,,,,0,0,,
,,,,,,,,,,,0,0,,
,,,,,,,,,,,0,0,,
,,,,,,,,,,,0,0,,
,,,,,,,,,,,0,0,,
,,,,,,,,,,,0,0,,
,,,,,,,,,,,0,0,,
,,,,,,,,,,,0,0,,
,,,,,,,,,,,0,0,,
,,,,,,,,,,,0,0,,
,,,,,,,,,,,0,0,,
,,,,,,,,,,,0,0,,
,,,,,,,,,,,0,0,,
,,,,,,,,,,,0,0,,
,,,,,,,,,,,0,0,,
,,,,,,,,,,,0,0,,
,,,,,,,,,,,0,0,,
,,,,,,,,,,,0,0,,
,,,,,,,,,,,0,0,,
,,,,,,,,,,,0,0,,
,,,,,,,,,,,0,0,,