ID,QtBid
27414,225793
27414,225794
27414,225795
27414,225796
27414,225797
27414,225798
27414,225799
27415,225800
27415,225801
27415,225802
27415,225803
27415,225804
27415,225805
27415,225806
27415,225807
27416,225808
27416,225809
27417,225810
27417,225811
27417,225812
27417,225813
27417,225814
27417,225815
27417,225816
27417,225817
27418,225818
27418,225819
27418,225820
27418,225821
27418,225822
27418,225823
27419,225824
27419,225825
27419,225826
27419,225827
27419,225828
27419,225829
27419,225830
27420,225831
27420,225832
27420,225833
27420,225834
27421,225835
27421,225836
27421,225837
27421,225838
27422,225839
27422,225840
27422,225841
27422,225842
27423,225843
27423,225844
27423,225845
27423,225846
27423,225847
27424,225848
27424,225849
27424,225850
27424,225851
27424,225852
27424,225853
27424,225854
27425,225855
27425,225856
27425,225857
27425,225858
27425,225859
27425,225860
27425,225861
27425,225862
27426,225863
27426,225864
27426,225865
27426,225866
27427,225867
27427,225868
27427,225869
27427,225870
27427,225871
27428,225872
27428,225873
27428,225874
27428,225875
27428,225876
27429,225877
27429,225878
27429,225879
27429,225880
27429,225881
27429,225882
27430,225883
27430,225884
27430,225885
27430,225886
27431,225887
27431,225888
27431,225889
27431,225890
27431,225891
27432,225892
27432,225893
27432,225894
27432,225895
27432,225896
27432,225897
27433,225898
27433,225899
27433,225900
27433,225901
27433,225902
27433,225903
27433,225904
27433,225905
27434,225906
27434,225907
27434,225908
27434,225909
27434,225910
27434,225911
27434,225912
27435,225913
27435,225914
27435,225915
27435,225916
27435,225917
27435,225918
27435,225919
27435,225920
27436,225921
27436,225922
27436,225923
27436,225924
27436,225925
27436,225926
27436,225927
27437,225928
27437,225929
27437,225930
27437,225931
27437,225932
27437,225933
27437,225934
27438,225935
27438,225936
27438,225937
27438,225938
27438,225939
27438,225940
27439,225941
27439,225942
27439,225943
27439,225944
27439,225945
27439,225946
27440,225947
27440,225948
27440,225949
27440,225950
27440,225951
27440,225952
27440,225953
27440,225954
27441,225955
27441,225956
27441,225957
27441,225958
27442,225959
27442,225960
27442,225961
27442,225962
27442,225963
27442,225964
27442,225965
27443,225966
27443,225967
27443,225968
27443,225969
27443,225970
27443,225971
27443,225972
27443,225973
27444,225974
27444,225975
27444,225976
27444,225977
27444,225978
27444,225979
27444,225980
27445,225981
27445,225982
27445,225983
27445,225984
27445,225985
27445,225986
27445,225987
27445,225988
27446,225989
27446,225990
27446,225991
27446,225992
27446,225993
27446,225994
27446,225995
27447,225996
27447,225997
27447,225998
27447,225999
27447,226000
27447,226001
27447,226002
27447,226003
27448,226004
27448,226005
27448,226006
27448,226007
27448,226008
27448,226009
27448,226010
27448,226011
27449,226012
27449,226013
27449,226014
27449,226015
27449,226016
27449,226017
27449,226018
27450,226019
27450,226020
27450,226021
27450,226022
27451,226023
27451,226024
27451,226025
27451,226026
27451,226027
27451,226028
27451,226029
27452,226030
27452,226031
27452,226032
27452,226033
27452,226034
27452,226035
27452,226036
27453,226037
27453,226038
27453,226039
27454,226041
27454,226042
27454,226043
27454,226044
27454,226045
27454,226046
27454,226047
27454,226048
27455,226049
27455,226050
27455,226051
27455,226052
27455,226053
27455,226054
27455,226055
27456,226056
27456,226057
27456,226058
27456,226059
27456,226060
27457,226061
27457,226062
27457,226063
27457,226064
27457,226065
27457,226066
27458,226067
27458,226068
27458,226069
27458,226070
27458,226071
27458,226072
27458,226073
27459,226074
27459,226075
27459,226076
27459,226077
27459,226078
27459,226079
27459,226080
27459,226081
27460,226082
27460,226083
27460,226084
27460,226085
27460,226086
27460,226087
27460,226088
27460,226089
27461,226090
27461,226091
27461,226092
27461,226093
27461,226094
27461,226095
27461,226096
27461,226097
27462,226098
27462,226099
27462,226100
27462,226101
27463,226102
27463,226103
27463,226104
27463,226105
27463,226106
27463,226107
27463,226108
27463,226109
27464,226110
27464,226111
27464,226112
27464,226113
27464,226114
27464,226115
27464,226116
27464,226117
27465,226118
27465,226119
27465,226120
27466,226121
27466,226122
27466,226123
27466,226124
27466,226125
27466,226126
27466,226127
27467,226128
27467,226129
27467,226130
27467,226131
27468,226132
27468,226133
27468,226134
27468,226135
27468,226136
27468,226137
27468,226138
27468,226139
27469,226140
27469,226141
27469,226142
27469,226143
27469,226144
27469,226145
27469,226146
27469,226147
27470,226148
27470,226149
27470,226150
27470,226151
27470,226152
27470,226153
27471,226154
27471,226155
27471,226156
27471,226157
27471,226158
27471,226159
27471,226160
27472,226161
27472,226162
27472,226163
27472,226164
27472,226165
27472,226166
27472,226167
27473,226168
27473,226169
27473,226170
27473,226171
27473,226172
27473,226173
27473,226174
27474,226175
27474,226176
27474,226177
27474,226178
27475,226179
27475,226180
27475,226181
27475,226182
27475,226183
27475,226184
27475,226185
27475,226186
27476,226187
27476,226188
27476,226189
27476,226190
27477,226191
27477,226192
27477,226193
27477,226194
27477,226195
27477,226196
27477,226197
27477,226198
27478,226199
27478,226200
27478,226201
27478,226202
27478,226203
27479,226204
27479,226205
27479,226206
27479,226207
27480,227293
27480,227294
27480,227295
27480,227296
27481,227297
27481,227298
27481,227299
27481,227300
27482,227301
27482,227302
27482,227303
27482,227304
27483,227305
27483,227306
27483,227307
27483,227308
27484,227309
27484,227310
27484,227311
27484,227312
27485,227313
27485,227314
27485,227315
27485,227316
27486,227317
27486,227318
27486,227319
27486,227320
27487,227321
27487,227322
27487,227323
27487,227324
27488,227325
27488,227326
27488,227327
27488,227328
27489,227329
27489,227330
27489,227331
27489,227332
27490,227333
27490,227334
27490,227335
27490,227336
27490,227337
27490,227338
27490,227339
27490,227340
27491,227341
27491,227342
27491,227343
27491,227344
27492,227345
27492,227346
27492,227347
27492,227348
27493,227349
27493,227350
27493,227351
27493,227352
27494,227353
27494,227354
27494,227355
27494,227356
27495,227357
27495,227358
27495,227359
27495,227360
27496,227361
27496,227362
27496,227363
27496,227364
27497,227365
27497,227366
27497,227367
27497,227368
27498,227369
27498,227370
27498,227371
27498,227372
27499,227373
27499,227374
27499,227375
27499,227376
27500,227377
27500,227378
27500,227379
27500,227380
27501,227381
27501,227382
27501,227383
27501,227384
27501,227385
27501,227386
27501,227387
27501,227388
27502,227389
27502,227390
27502,227391
27502,227392
27503,227393
27503,227394
27503,227395
27503,227396
27503,227397
27503,227398
27503,227399
27503,227400
27504,227401
27504,227402
27504,227403
27504,227404
27505,227405
27505,227406
27505,227407
27505,227408
27506,227409
27506,227410
27506,227411
27506,227412
27507,227413
27507,227414
27507,227415
27507,227416
27508,227417
27508,227418
27508,227419
27508,227420
27509,227421
27509,227422
27509,227423
27509,227424
27510,227425
27510,227426
27510,227427
27510,227428
27511,227429
27511,227430
27511,227431
27511,227432
27512,227433
27512,227434
27512,227435
27512,227436
27513,227437
27513,227438
27513,227439
27513,227440
27514,227441
27514,227442
27514,227443
27514,227444
27515,227445
27515,227446
27515,227447
27515,227448
27516,227449
27516,227450
27516,227451
27516,227452
27517,227453
27517,227454
27517,227455
27517,227456
27517,227457
27517,227458
27517,227459
27517,227460
27518,227461
27518,227462
27518,227463
27518,227464
27519,227465
27519,227466
27519,227467
27519,227468
27520,227469
27520,227470
27520,227471
27520,227472
27521,227473
27521,227474
27521,227475
27521,227476
27522,227477
27522,227478
27522,227479
27522,227480
27523,227481
27523,227482
27523,227483
27523,227484
27524,227485
27524,227486
27524,227487
27524,227488
27525,227489
27525,227490
27525,227491
27525,227492
27526,227493
27526,227494
27526,227495
27526,227496
27527,227497
27527,227498
27527,227499
27527,227500
27528,227501
27528,227502
27528,227503
27528,227504
27529,227505
27529,227506
27529,227507
27529,227508
27530,227509
27530,227510
27530,227511
27530,227512
27531,227513
27531,227514
27531,227515
27531,227516
27531,227517
27531,227518
27531,227519
27531,227520
27532,227521
27532,227522
27532,227523
27532,227524
27533,227525
27533,227526
27533,227527
27533,227528
27534,227529
27534,227530
27534,227531
27534,227532
27534,227533
27534,227534
27534,227535
27534,227536
27535,227537
27535,227538
27535,227539
27535,227540
27536,227541
27536,227542
27536,227543
27536,227544
27537,227545
27537,227546
27537,227547
27537,227548
27538,227549
27538,227550
27538,227551
27538,227552
27539,227553
27539,227554
27539,227555
27539,227556
27540,227557
27540,227558
27540,227559
27540,227560
27541,227561
27541,227562
27541,227563
27541,227564
27542,227565
27542,227566
27542,227567
27542,227568
27543,227569
27543,227570
27543,227571
27543,227572
27544,227573
27544,227574
27544,227575
27544,227576
27545,227577
27545,227578
27545,227579
27545,227580
27546,227581
27546,227582
27546,227583
27546,227584
27547,227585
27547,227586
27547,227587
27547,227588
27548,227589
27548,227590
27548,227591
27548,227592
27549,227593
27549,227594
27549,227595
27549,227596
27550,227597
27550,227598
27550,227599
27550,227600
27551,227601
27551,227602
27551,227603
27551,227604
27551,227605
27551,227606
27551,227607
27551,227608
27552,227609
27552,227610
27552,227611
27552,227612
27553,227613
27553,227614
27553,227615
27553,227616
27553,227617
27553,227618
27553,227619
27553,227620
27554,227621
27554,227622
27554,227623
27554,227624
27555,227625
27555,227626
27555,227627
27555,227628
27556,227629
27556,227630
27556,227631
27556,227632
27557,227633
27557,227634
27557,227635
27557,227636
27558,227637
27558,227638
27558,227639
27558,227640
27559,227641
27559,227642
27559,227643
27559,227644
27560,227645
27560,227646
27560,227647
27560,227648
27561,227649
27561,227650
27561,227651
27561,227652
27562,227653
27562,227654
27562,227655
27562,227656
27563,227657
27563,227658
27563,227659
27563,227660
27564,227661
27564,227662
27564,227663
27564,227664
27565,227665
27565,227666
27565,227667
27565,227668
27566,227669
27566,227670
27566,227671
27566,227672
27567,227673
27567,227674
27567,227675
27567,227676
27567,227677
27567,227678
27567,227679
27567,227680
27568,227681
27568,227682
27568,227683
27568,227684
27569,227685
27569,227686
27569,227687
27569,227688
27570,227689
27570,227690
27570,227691
27570,227692
27570,227693
27570,227694
27570,227695
27570,227696
27571,227697
27571,227698
27571,227699
27571,227700
27572,227701
27572,227702
27572,227703
27572,227704
27573,227705
27573,227706
27573,227707
27573,227708
27574,227709
27574,227710
27574,227711
27574,227712
27574,227713
27574,227714
27574,227715
27574,227716
27575,227717
27575,227718
27575,227719
27575,227720
27575,227721
27575,227722
27575,227723
27575,227724
27576,227725
27576,227726
27576,227727
27576,227728
27577,227729
27577,227730
27577,227731
27577,227732
27578,227733
27578,227734
27578,227735
27578,227736
27579,227737
27579,227738
27579,227739
27579,227740
27579,227741
27579,227742
27579,227743
27579,227744
27580,227745
27580,227746
27580,227747
27580,227748
27581,227749
27581,227750
27581,227751
27581,227752
27582,227753
27582,227754
27582,227755
27582,227756
27583,227757
27583,227758
27583,227759
27583,227760
27584,227761
27584,227762
27584,227763
27584,227764
27585,227765
27585,227766
27585,227767
27585,227768
27586,227769
27586,227770
27586,227771
27586,227772
27587,227773
27587,227774
27587,227775
27587,227776
27588,227777
27588,227778
27588,227779
27588,227780
27589,227781
27589,227782
27589,227783
27589,227784
27590,227785
27590,227786
27590,227787
27590,227788
27591,227789
27591,227790
27591,227791
27591,227792
27592,227793
27592,227794
27592,227795
27592,227796
27593,227797
27593,227798
27593,227799
27593,227800
27594,227801
27594,227802
27594,227803
27594,227804
27595,227805
27595,227806
27595,227807
27595,227808
27596,227809
27596,227810
27596,227811
27596,227812
27597,227813
27597,227814
27597,227815
27597,227816
27598,227817
27598,227818
27598,227819
27598,227820
27599,227821
27599,227822
27599,227823
27599,227824
27600,227825
27600,227826
27600,227827
27600,227828
27601,227829
27601,227830
27601,227831
27601,227832
27602,227833
27602,227834
27602,227835
27602,227836
27603,227837
27603,227838
27603,227839
27603,227840
27604,227841
27604,227842
27604,227843
27604,227844
27605,227845
27605,227846
27605,227847
27605,227848
27606,227849
27606,227850
27606,227851
27606,227852
27607,227853
27607,227854
27607,227855
27607,227856
27608,227857
27608,227858
27608,227859
27608,227860
27609,227861
27609,227862
27609,227863
27609,227864
27610,227865
27610,227866
27610,227867
27610,227868
27611,227869
27611,227870
27611,227871
27611,227872
27612,227873
27612,227874
27612,227875
27612,227876
27613,227877
27613,227878
27613,227879
27613,227880
27614,227881
27614,227882
27614,227883
27614,227884
27615,227885
27615,227886
27615,227887
27615,227888
27616,227889
27616,227890
27616,227891
27616,227892
27617,227893
27617,227894
27617,227895
27617,227896
27618,227897
27618,227898
27618,227899
27618,227900
27619,227901
27619,227902
27619,227903
27619,227904
27620,227905
27620,227906
27620,227907
27620,227908
27621,227909
27621,227910
27621,227911
27621,227912
27622,227913
27622,227914
27622,227915
27622,227916
27623,227917
27623,227918
27623,227919
27623,227920
27624,227921
27624,227922
27624,227923
27624,227924
27625,227925
27625,227926
27625,227927
27625,227928
27626,227929
27626,227930
27626,227931
27626,227932
27627,227933
27627,227934
27627,227935
27627,227936
27628,227937
27628,227938
27628,227939
27628,227940
27629,227941
27629,227942
27629,227943
27629,227944
27630,227945
27630,227946
27630,227947
27630,227948
27631,227949
27631,227950
27631,227951
27631,227952
27632,227953
27632,227954
27632,227955
27632,227956
27633,227957
27633,227958
27633,227959
27633,227960
27634,227961
27634,227962
27634,227963
27634,227964
27635,227965
27635,227966
27635,227967
27635,227968
27636,227969
27636,227970
27636,227971
27636,227972
27637,227973
27637,227974
27637,227975
27637,227976
27638,227977
27638,227978
27638,227979
27638,227980
27638,227981
27638,227982
27638,227983
27638,227984
27639,227985
27639,227986
27639,227987
27639,227988
27639,227989
27639,227990
27639,227991
27639,227992
27640,227993
27640,227994
27640,227995
27640,227996
27640,227997
27640,227998
27640,227999
27640,228000
27641,228001
27641,228002
27641,228003
27641,228004
27641,228005
27641,228006
27641,228007
27641,228008
27642,228009
27642,228010
27642,228011
27642,228012
27642,228013
27642,228014
27642,228015
27642,228016
27643,228017
27643,228018
27643,228019
27643,228020
27643,228021
27643,228022
27643,228023
27643,228024
27644,228025
27644,228026
27644,228027
27644,228028
27644,228029
27644,228030
27644,228031
27644,228032
27645,228033
27645,228034
27645,228035
27645,228036
27645,228037
27645,228038
27645,228039
27645,228040
27646,228041
27646,228042
27646,228043
27646,228044
27647,228045
27647,228046
27647,228047
27647,228048
27648,228049
27648,228050
27648,228051
27648,228052
27649,228053
27649,228054
27649,228055
27649,228056
27650,228057
27650,228058
27650,228059
27650,228060
27651,228061
27651,228062
27651,228063
27651,228064
27652,228065
27652,228066
27652,228067
27652,228068
27653,228069
27653,228070
27653,228071
27653,228072
27654,228073
27654,228074
27654,228075
27654,228076
27655,228077
27655,228078
27655,228079
27655,228080
27656,228081
27656,228082
27656,228083
27656,228084
27657,228085
27657,228086
27657,228087
27657,228088
27658,228089
27658,228090
27658,228091
27658,228092
27659,228093
27659,228094
27659,228095
27659,228096
27660,228097
27660,228098
27660,228099
27660,228100
27661,228101
27661,228102
27661,228103
27661,228104
27662,228105
27662,228106
27662,228107
27662,228108
27663,228109
27663,228110
27663,228111
27663,228112
27664,228113
27664,228114
27664,228115
27664,228116
27665,228117
27665,228118
27665,228119
27665,228120
27666,228121
27666,228122
27666,228123
27666,228124
27666,228125
27666,228126
27666,228127
27666,228128
27667,228129
27667,228130
27667,228131
27667,228132
27667,228133
27667,228134
27667,228135
27667,228136
27668,228137
27668,228138
27668,228139
27668,228140
27669,228141
27669,228142
27669,228143
27669,228144
27669,228145
27669,228146
27669,228147
27669,228148
27670,228149
27670,228150
27670,228151
27670,228152
27670,228153
27670,228154
27670,228155
27670,228156
27671,228157
27671,228158
27671,228159
27671,228160
27671,228161
27671,228162
27671,228163
27671,228164
27672,228165
27672,228166
27672,228167
27672,228168
27672,228169
27672,228170
27672,228171
27672,228172
27673,228173
27673,228174
27673,228175
27673,228176
27674,228177
27674,228178
27674,228179
27674,228180
27675,228181
27675,228182
27675,228183
27675,228184
27675,228185
27675,228186
27675,228187
27675,228188
27676,228189
27676,228190
27676,228191
27676,228192
27676,228193
27676,228194
27676,228195
27676,228196
27677,228197
27677,228198
27677,228199
27677,228200
27678,228201
27678,228202
27678,228203
27678,228204
27679,228205
27679,228206
27679,228207
27679,228208
27680,228209
27680,228210
27680,228211
27680,228212
27680,228213
27680,228214
27680,228215
27680,228216
27681,228217
27681,228218
27681,228219
27681,228220
27681,228221
27681,228222
27681,228223
27681,228224
27682,228225
27682,228226
27682,228227
27682,228228
27682,228229
27682,228230
27682,228231
27682,228232
27683,228233
27683,228234
27683,228235
27683,228236
27683,228237
27683,228238
27683,228239
27683,228240
27684,228241
27684,228242
27684,228243
27684,228244
27684,228245
27684,228246
27684,228247
27684,228248
27685,228249
27685,228250
27685,228251
27685,228252
27685,228253
27685,228254
27685,228255
27685,228256
27686,228257
27686,228258
27686,228259
27686,228260
27686,228261
27686,228262
27686,228263
27686,228264
27687,228265
27687,228266
27687,228267
27687,228268
27687,228269
27687,228270
27687,228271
27687,228272
27688,228273
27688,228274
27688,228275
27688,228276
27688,228277
27688,228278
27688,228279
27688,228280
27689,228281
27689,228282
27689,228283
27689,228284
27689,228285
27689,228286
27689,228287
27689,228288
27690,228289
27690,228290
27690,228291
27690,228292
27690,228293
27690,228294
27690,228295
27690,228296
27691,228297
27691,228298
27691,228299
27691,228300
27692,228301
27692,228302
27692,228303
27692,228304
27693,228305
27693,228306
27693,228307
27693,228308
27694,228309
27694,228310
27694,228311
27694,228312
27695,228313
27695,228314
27695,228315
27695,228316
27695,228317
27695,228318
27695,228319
27695,228320
27696,228321
27696,228322
27696,228323
27696,228324
27697,228325
27697,228326
27697,228327
27697,228328
27697,228329
27697,228330
27697,228331
27697,228332
27698,228333
27698,228334
27698,228335
27698,228336
27698,228337
27698,228338
27698,228339
27698,228340
27699,228341
27699,228342
27699,228343
27699,228344
27699,228345
27699,228346
27699,228347
27699,228348
27700,228349
27700,228350
27700,228351
27700,228352
27701,228353
27701,228354
27701,228355
27701,228356
27702,228357
27702,228358
27702,228359
27702,228360
27703,228361
27703,228362
27703,228363
27703,228364
27703,228365
27703,228366
27703,228367
27703,228368
27704,228369
27704,228370
27704,228371
27704,228372
27705,228373
27705,228374
27705,228375
27705,228376
27705,228377
27705,228378
27705,228379
27705,228380
27706,228381
27706,228382
27706,228383
27706,228384
27707,228385
27707,228386
27707,228387
27707,228388
27708,228389
27708,228390
27708,228391
27708,228392
27709,228393
27709,228394
27709,228395
27709,228396
27710,228397
27710,228398
27710,228399
27710,228400
27711,228401
27711,228402
27711,228403
27711,228404
27712,228405
27712,228406
27712,228407
27712,228408
27713,228409
27713,228410
27713,228411
27713,228412
27714,228413
27714,228414
27714,228415
27714,228416
27714,228417
27714,228418
27714,228419
27714,228420
27715,228421
27715,228422
27715,228423
27715,228424
27715,228425
27715,228426
27715,228427
27715,228428
27716,228429
27716,228430
27716,228431
27716,228432
27716,228433
27716,228434
27716,228435
27716,228436
27717,228437
27717,228438
27717,228439
27717,228440
27717,228441
27717,228442
27717,228443
27717,228444
27718,228445
27718,228446
27718,228447
27718,228448
27718,228449
27718,228450
27718,228451
27718,228452
27719,228453
27719,228454
27719,228455
27719,228456
27719,228457
27719,228458
27719,228459
27719,228460
27720,228461
27720,228462
27720,228463
27720,228464
27720,228465
27720,228466
27720,228467
27720,228468
27721,228469
27721,228470
27721,228471
27721,228472
27721,228473
27721,228474
27721,228475
27721,228476
27722,228477
27722,228478
27722,228479
27722,228480
27722,228481
27722,228482
27722,228483
27722,228484
27723,228485
27723,228486
27723,228487
27723,228488
27723,228489
27723,228490
27723,228491
27723,228492
27724,228493
27724,228494
27724,228495
27724,228496
27724,228497
27724,228498
27724,228499
27724,228500
27725,228501
27725,228502
27725,228503
27725,228504
27725,228505
27725,228506
27725,228507
27725,228508
27726,228509
27726,228510
27726,228511
27726,228512
27726,228513
27726,228514
27726,228515
27726,228516
27727,228517
27727,228518
27727,228519
27727,228520
27727,228521
27727,228522
27727,228523
27727,228524
27728,228525
27728,228526
27728,228527
27728,228528
27728,228529
27728,228530
27728,228531
27728,228532
27729,228533
27729,228534
27729,228535
27729,228536
27730,228537
27730,228538
27730,228539
27730,228540
27730,228541
27730,228542
27730,228543
27730,228544
27731,228545
27731,228546
27731,228547
27731,228548
27731,228549
27731,228550
27731,228551
27731,228552
27732,228553
27732,228554
27732,228555
27732,228556
27732,228557
27732,228558
27732,228559
27732,228560
27733,228561
27733,228562
27733,228563
27733,228564
27733,228565
27733,228566
27733,228567
27733,228568
27734,228569
27734,228570
27734,228571
27734,228572
27734,228573
27734,228574
27734,228575
27734,228576
27735,228577
27735,228578
27735,228579
27735,228580
27735,228581
27735,228582
27735,228583
27735,228584
27736,228585
27736,228586
27736,228587
27736,228588
27736,228589
27736,228590
27736,228591
27736,228592
27737,228593
27737,228594
27737,228595
27737,228596
27737,228597
27737,228598
27737,228599
27737,228600
27738,228601
27738,228602
27738,228603
27738,228604
27738,228605
27738,228606
27738,228607
27738,228608
27739,228609
27739,228610
27739,228611
27739,228612
27739,228613
27739,228614
27739,228615
27739,228616
27740,228617
27740,228618
27740,228619
27740,228620
27740,228621
27740,228622
27740,228623
27740,228624
27741,228625
27741,228626
27741,228627
27741,228628
27741,228629
27741,228630
27741,228631
27741,228632
27742,228633
27742,228634
27742,228635
27742,228636
27742,228637
27742,228638
27742,228639
27742,228640
27743,228641
27743,228642
27743,228643
27743,228644
27743,228645
27743,228646
27743,228647
27743,228648
27744,228649
27744,228650
27744,228651
27744,228652
27744,228653
27744,228654
27744,228655
27744,228656
27745,228657
27745,228658
27745,228659
27745,228660
27746,228661
27746,228662
27746,228663
27746,228664
27746,228665
27746,228666
27746,228667
27746,228668
27747,228669
27747,228670
27747,228671
27747,228672
27748,228673
27748,228674
27748,228675
27748,228676
27749,228677
27749,228678
27749,228679
27749,228680
27749,228681
27749,228682
27749,228683
27749,228684
27750,228685
27750,228686
27750,228687
27750,228688
27750,228689
27750,228690
27750,228691
27750,228692
27751,228693
27751,228694
27751,228695
27751,228696
27752,228697
27752,228698
27752,228699
27752,228700
27752,228701
27752,228702
27752,228703
27752,228704
27753,228705
27753,228706
27753,228707
27753,228708
27754,228709
27754,228710
27754,228711
27754,228712
27755,228713
27755,228714
27755,228715
27755,228716
27756,228717
27756,228718
27756,228719
27756,228720
27757,228721
27757,228722
27757,228723
27757,228724
27757,228725
27757,228726
27757,228727
27757,228728
27758,228729
27758,228730
27758,228731
27758,228732
27758,228733
27758,228734
27758,228735
27758,228736
27759,228737
27759,228738
27759,228739
27759,228740
27760,228741
27760,228742
27760,228743
27760,228744
27760,228745
27760,228746
27760,228747
27760,228748
27761,228749
27761,228750
27761,228751
27761,228752
27762,228753
27762,228754
27762,228755
27762,228756
27762,228757
27762,228758
27762,228759
27762,228760
27763,228761
27763,228762
27763,228763
27763,228764
27764,228765
27764,228766
27764,228767
27764,228768
27765,228769
27765,228770
27765,228771
27765,228772
27766,228773
27766,228774
27766,228775
27766,228776
27767,228777
27767,228778
27767,228779
27767,228780
27768,228781
27768,228782
27768,228783
27768,228784
27769,228785
27769,228786
27769,228787
27769,228788
27770,228789
27770,228790
27770,228791
27770,228792
27771,228793
27771,228794
27771,228795
27771,228796
27772,228797
27772,228798
27772,228799
27772,228800
27773,228801
27773,228802
27773,228803
27773,228804
27774,228805
27774,228806
27774,228807
27774,228808
27775,228809
27775,228810
27775,228811
27775,228812
27776,228813
27776,228814
27776,228815
27776,228816
27777,228817
27777,228818
27777,228819
27777,228820
27778,228821
27778,228822
27778,228823
27778,228824
27779,228825
27779,228826
27779,228827
27779,228828
27780,228829
27780,228830
27780,228831
27780,228832
27781,228833
27781,228834
27781,228835
27781,228836
27782,228837
27782,228838
27782,228839
27782,228840
27783,228841
27783,228842
27783,228843
27783,228844
27783,228845
27783,228846
27783,228847
27783,228848
27784,228849
27784,228850
27784,228851
27784,228852
27784,228853
27784,228854
27784,228855
27784,228856
27785,228857
27785,228858
27785,228859
27785,228860
27785,228861
27785,228862
27785,228863
27785,228864
27786,228865
27786,228866
27786,228867
27786,228868
27786,228869
27786,228870
27786,228871
27786,228872
27787,228873
27787,228874
27787,228875
27787,228876
27788,228877
27788,228878
27788,228879
27788,228880
27788,228881
27788,228882
27788,228883
27788,228884
27789,228885
27789,228886
27789,228887
27789,228888
27789,228889
27789,228890
27789,228891
27789,228892
27790,228893
27790,228894
27790,228895
27790,228896
27790,228897
27790,228898
27790,228899
27790,228900
27791,228901
27791,228902
27791,228903
27791,228904
27792,228905
27792,228906
27792,228907
27792,228908
27792,228909
27792,228910
27792,228911
27792,228912
27793,228913
27793,228914
27793,228915
27793,228916
27793,228917
27793,228918
27793,228919
27793,228920
27794,228921
27794,228922
27794,228923
27794,228924
27795,228925
27795,228926
27795,228927
27795,228928
27796,228929
27796,228930
27796,228931
27796,228932
27797,228933
27797,228934
27797,228935
27797,228936
27798,228937
27798,228938
27798,228939
27798,228940
27799,228941
27799,228942
27799,228943
27799,228944
27800,228945
27800,228946
27800,228947
27800,228948
27801,228949
27801,228950
27801,228951
27801,228952
27802,228953
27802,228954
27802,228955
27802,228956
27803,228957
27803,228958
27803,228959
27803,228960
27804,228961
27804,228962
27804,228963
27804,228964
27805,228965
27805,228966
27805,228967
27805,228968
27806,228969
27806,228970
27806,228971
27806,228972
27807,228973
27807,228974
27807,228975
27807,228976
27808,228977
27808,228978
27808,228979
27808,228980
27809,228981
27809,228982
27809,228983
27809,228984
27810,228985
27810,228986
27810,228987
27810,228988
27811,228989
27811,228990
27811,228991
27811,228992
27812,228993
27812,228994
27812,228995
27812,228996
27813,228997
27813,228998
27813,228999
27813,229000
27814,229001
27814,229002
27814,229003
27814,229004
27815,229005
27815,229006
27815,229007
27815,229008
27816,229009
27816,229010
27816,229011
27816,229012
27817,229013
27817,229014
27817,229015
27817,229016
27818,229017
27818,229018
27818,229019
27818,229020
27819,229021
27819,229022
27819,229023
27819,229024
27820,229025
27820,229026
27820,229027
27820,229028
27821,229029
27821,229030
27821,229031
27821,229032
27822,229033
27822,229034
27822,229035
27822,229036
27823,229037
27823,229038
27823,229039
27823,229040
27824,229041
27824,229042
27824,229043
27824,229044
27825,229045
27825,229046
27825,229047
27825,229048
27826,229049
27826,229050
27826,229051
27826,229052
27827,229053
27827,229054
27827,229055
27827,229056
27828,229057
27828,229058
27828,229059
27828,229060
27829,229061
27829,229062
27829,229063
27829,229064
27830,229065
27830,229066
27830,229067
27830,229068
27831,229069
27831,229070
27831,229071
27831,229072
27832,229073
27832,229074
27832,229075
27832,229076
27833,229077
27833,229078
27833,229079
27833,229080
27834,229081
27834,229082
27834,229083
27834,229084
27835,229085
27835,229086
27835,229087
27835,229088
27836,229089
27836,229090
27836,229091
27836,229092
27837,229093
27837,229094
27837,229095
27837,229096
27838,229097
27838,229098
27838,229099
27838,229100
27839,229101
27839,229102
27839,229103
27839,229104
27840,229105
27840,229106
27840,229107
27840,229108
27841,229109
27841,229110
27841,229111
27841,229112
27842,229113
27842,229114
27842,229115
27842,229116
27843,229117
27843,229118
27843,229119
27843,229120
27844,229121
27844,229122
27844,229123
27844,229124
27845,229125
27845,229126
27845,229127
27845,229128
27846,229129
27846,229130
27846,229131
27846,229132
27847,229133
27847,229134
27847,229135
27847,229136
27848,229137
27848,229138
27848,229139
27848,229140
27849,229141
27849,229142
27849,229143
27849,229144
27850,229145
27850,229146
27850,229147
27850,229148
27851,229149
27851,229150
27851,229151
27851,229152
27852,229153
27852,229154
27852,229155
27852,229156
27853,229157
27853,229158
27853,229159
27853,229160
27854,229161
27854,229162
27854,229163
27854,229164
27855,229165
27855,229166
27855,229167
27855,229168
27856,229169
27856,229170
27856,229171
27856,229172
27857,229173
27857,229174
27857,229175
27857,229176
27858,229177
27858,229178
27858,229179
27858,229180
27859,229181
27859,229182
27859,229183
27859,229184
27860,229185
27860,229186
27860,229187
27860,229188
27861,229189
27861,229190
27861,229191
27861,229192
27862,229193
27862,229194
27862,229195
27862,229196
27863,229197
27863,229198
27863,229199
27863,229200
27864,229201
27864,229202
27864,229203
27864,229204
27865,229205
27865,229206
27865,229207
27865,229208
27866,229209
27866,229210
27866,229211
27866,229212
27867,229213
27867,229214
27867,229215
27867,229216
27868,229217
27868,229218
27868,229219
27868,229220
27869,229221
27869,229222
27869,229223
27869,229224
27870,229225
27870,229226
27870,229227
27870,229228
27870,229229
27870,229230
27870,229231
27870,229232
27871,229233
27871,229234
27871,229235
27871,229236
27871,229237
27871,229238
27871,229239
27871,229240
27872,229241
27872,229242
27872,229243
27872,229244
27872,229245
27872,229246
27872,229247
27872,229248
27873,229249
27873,229250
27873,229251
27873,229252
27873,229253
27873,229254
27873,229255
27873,229256
27874,229257
27874,229258
27874,229259
27874,229260
27874,229261
27874,229262
27874,229263
27874,229264
27875,229265
27875,229266
27875,229267
27875,229268
27875,229269
27875,229270
27875,229271
27875,229272
27876,229273
27876,229274
27876,229275
27876,229276
27876,229277
27876,229278
27876,229279
27876,229280
27877,229281
27877,229282
27877,229283
27877,229284
27877,229285
27877,229286
27877,229287
27877,229288
27878,229289
27878,229290
27878,229291
27878,229292
27878,229293
27878,229294
27878,229295
27878,229296
27879,229297
27879,229298
27879,229299
27879,229300
27879,229301
27879,229302
27879,229303
27879,229304
27880,229305
27880,229306
27880,229307
27880,229308
27880,229309
27880,229310
27880,229311
27880,229312
27881,229313
27881,229314
27881,229315
27881,229316
27881,229317
27881,229318
27881,229319
27881,229320
27882,229321
27882,229322
27882,229323
27882,229324
27882,229325
27882,229326
27882,229327
27882,229328
27883,229329
27883,229330
27883,229331
27883,229332
27883,229333
27883,229334
27883,229335
27883,229336
27884,229337
27884,229338
27884,229339
27884,229340
27884,229341
27884,229342
27884,229343
27884,229344
27885,229345
27885,229346
27885,229347
27885,229348
27885,229349
27885,229350
27885,229351
27885,229352
27886,229353
27886,229354
27886,229355
27886,229356
27886,229357
27886,229358
27886,229359
27886,229360
27887,229361
27887,229362
27887,229363
27887,229364
27887,229365
27887,229366
27887,229367
27887,229368
27888,229369
27888,229370
27888,229371
27888,229372
27888,229373
27888,229374
27888,229375
27888,229376
27889,229377
27889,229378
27889,229379
27889,229380
27889,229381
27889,229382
27889,229383
27889,229384
27890,229385
27890,229386
27890,229387
27890,229388
27890,229389
27890,229390
27890,229391
27890,229392
27891,229393
27891,229394
27891,229395
27891,229396
27891,229397
27891,229398
27891,229399
27891,229400
27892,229401
27892,229402
27892,229403
27892,229404
27892,229405
27892,229406
27892,229407
27892,229408
27893,229409
27893,229410
27893,229411
27893,229412
27893,229413
27893,229414
27893,229415
27893,229416
27894,229417
27894,229418
27894,229419
27894,229420
27894,229421
27894,229422
27894,229423
27894,229424
27895,229425
27895,229426
27895,229427
27895,229428
27895,229429
27895,229430
27895,229431
27895,229432
27896,229433
27896,229434
27896,229435
27896,229436
27896,229437
27896,229438
27896,229439
27896,229440
27897,229441
27897,229442
27897,229443
27897,229444
27897,229445
27897,229446
27897,229447
27897,229448
27898,229449
27898,229450
27898,229451
27898,229452
27898,229453
27898,229454
27898,229455
27898,229456
27899,229457
27899,229458
27899,229459
27899,229460
27899,229461
27899,229462
27899,229463
27899,229464
27900,229465
27900,229466
27900,229467
27900,229468
27900,229469
27900,229470
27900,229471
27900,229472
27901,229473
27901,229474
27901,229475
27901,229476
27901,229477
27901,229478
27901,229479
27901,229480
27902,229481
27902,229482
27902,229483
27902,229484
27902,229485
27902,229486
27902,229487
27902,229488
27903,229489
27903,229490
27903,229491
27903,229492
27903,229493
27903,229494
27903,229495
27903,229496
27904,229497
27904,229498
27904,229499
27904,229500
27905,229501
27905,229502
27905,229503
27905,229504
27905,229505
27905,229506
27905,229507
27905,229508
27906,229509
27906,229510
27906,229511
27906,229512
27906,229513
27906,229514
27906,229515
27906,229516
27907,229517
27907,229518
27907,229519
27907,229520
27907,229521
27907,229522
27907,229523
27907,229524
27908,229525
27908,229526
27908,229527
27908,229528
27908,229529
27908,229530
27908,229531
27908,229532
27909,229533
27909,229534
27909,229535
27909,229536
27909,229537
27909,229538
27909,229539
27909,229540
27910,229541
27910,229542
27910,229543
27910,229544
27910,229545
27910,229546
27910,229547
27910,229548
27911,229549
27911,229550
27911,229551
27911,229552
27911,229553
27911,229554
27911,229555
27911,229556
27912,229557
27912,229558
27912,229559
27912,229560
27912,229561
27912,229562
27912,229563
27912,229564
27913,229565
27913,229566
27913,229567
27913,229568
27913,229569
27913,229570
27913,229571
27913,229572
27914,229573
27914,229574
27914,229575
27914,229576
27914,229577
27914,229578
27914,229579
27914,229580
27915,229581
27915,229582
27915,229583
27915,229584
27915,229585
27915,229586
27915,229587
27915,229588
27916,229589
27916,229590
27916,229591
27916,229592
27916,229593
27916,229594
27916,229595
27916,229596
27917,229597
27917,229598
27917,229599
27917,229600
27917,229601
27917,229602
27917,229603
27917,229604
27918,229605
27918,229606
27918,229607
27918,229608
27918,229609
27918,229610
27918,229611
27918,229612
27919,229613
27919,229614
27919,229615
27919,229616
27919,229617
27919,229618
27919,229619
27919,229620
27920,229621
27920,229622
27920,229623
27920,229624
27920,229625
27920,229626
27920,229627
27920,229628
27921,229629
27921,229630
27921,229631
27921,229632
27921,229633
27921,229634
27921,229635
27921,229636
27922,229637
27922,229638
27922,229639
27922,229640
27922,229641
27922,229642
27922,229643
27922,229644
27923,229645
27923,229646
27923,229647
27923,229648
27924,229649
27924,229650
27924,229651
27924,229652
27925,229653
27925,229654
27925,229655
27925,229656
27926,229657
27926,229658
27926,229659
27926,229660
27927,229661
27927,229662
27927,229663
27927,229664
27928,229665
27928,229666
27928,229667
27928,229668
27929,229669
27929,229670
27929,229671
27929,229672
27930,229673
27930,229674
27930,229675
27930,229676
27931,229677
27931,229678
27931,229679
27931,229680
27932,229681
27932,229682
27932,229683
27932,229684
27933,229685
27933,229686
27933,229687
27933,229688
27934,229689
27934,229690
27934,229691
27934,229692
27935,229693
27935,229694
27935,229695
27935,229696
27936,229697
27936,229698
27936,229699
27936,229700
27937,229701
27937,229702
27937,229703
27937,229704
27938,229705
27938,229706
27938,229707
27938,229708
27939,229709
27939,229710
27939,229711
27939,229712
27940,229713
27940,229714
27940,229715
27940,229716
27941,229717
27941,229718
27941,229719
27941,229720
27942,229721
27942,229722
27942,229723
27942,229724
27943,229725
27943,229726
27943,229727
27943,229728
27944,229729
27944,229730
27944,229731
27944,229732
27945,229733
27945,229734
27945,229735
27945,229736
27946,229737
27946,229738
27946,229739
27946,229740
27947,229741
27947,229742
27947,229743
27947,229744
27948,229745
27948,229746
27948,229747
27948,229748
27949,229749
27949,229750
27949,229751
27949,229752
27950,229753
27950,229754
27950,229755
27950,229756
27951,229757
27951,229758
27951,229759
27951,229760
27952,229761
27952,229762
27952,229763
27952,229764
27953,229765
27953,229766
27953,229767
27953,229768
27954,229769
27954,229770
27954,229771
27954,229772
27955,229773
27955,229774
27955,229775
27955,229776
27956,229777
27956,229778
27956,229779
27956,229780
27957,229781
27957,229782
27957,229783
27957,229784
27958,229785
27958,229786
27958,229787
27958,229788
27959,229789
27959,229790
27959,229791
27959,229792
27960,229793
27960,229794
27960,229795
27960,229796
27961,229797
27961,229798
27961,229799
27961,229800
27962,229801
27962,229802
27962,229803
27962,229804
27963,229805
27963,229806
27963,229807
27963,229808
27964,229809
27964,229810
27964,229811
27964,229812
27965,229813
27965,229814
27965,229815
27965,229816
27966,229817
27966,229818
27966,229819
27966,229820
27967,229821
27967,229822
27967,229823
27967,229824
27968,229825
27968,229826
27968,229827
27968,229828
27969,229829
27969,229830
27969,229831
27969,229832
27970,229833
27970,229834
27970,229835
27970,229836
27971,229837
27971,229838
27971,229839
27971,229840
27972,229841
27972,229842
27972,229843
27972,229844
27973,229845
27973,229846
27973,229847
27973,229848
27974,229849
27974,229850
27974,229851
27974,229852
27974,229853
27974,229854
27974,229855
27974,229856
27975,229857
27975,229858
27975,229859
27975,229860
27976,229861
27976,229862
27976,229863
27976,229864
27976,229865
27976,229866
27976,229867
27976,229868
27977,229869
27977,229870
27977,229871
27977,229872
27978,229873
27978,229874
27978,229875
27978,229876
27979,229877
27979,229878
27979,229879
27979,229880
27980,229881
27980,229882
27980,229883
27980,229884
27981,229885
27981,229886
27981,229887
27981,229888
27982,229889
27982,229890
27982,229891
27982,229892
27983,229893
27983,229894
27983,229895
27983,229896
27983,229897
27983,229898
27983,229899
27983,229900
27984,229901
27984,229902
27984,229903
27984,229904
27985,229905
27985,229906
27985,229907
27985,229908
27985,229909
27985,229910
27985,229911
27985,229912
27986,229913
27986,229914
27986,229915
27986,229916
27987,229917
27987,229918
27987,229919
27987,229920
27988,229921
27988,229922
27988,229923
27988,229924
27988,229925
27988,229926
27988,229927
27988,229928
27989,229929
27989,229930
27989,229931
27989,229932
27989,229933
27989,229934
27989,229935
27989,229936
27990,229937
27990,229938
27990,229939
27990,229940
27991,229941
27991,229942
27991,229943
27991,229944
27992,229945
27992,229946
27992,229947
27992,229948
27992,229949
27992,229950
27992,229951
27992,229952
27993,229953
27993,229954
27993,229955
27993,229956
27993,229957
27993,229958
27993,229959
27993,229960
27994,229961
27994,229962
27994,229963
27994,229964
27994,229965
27994,229966
27994,229967
27994,229968
27995,229969
27995,229970
27995,229971
27995,229972
27996,229973
27996,229974
27996,229975
27996,229976
27997,229977
27997,229978
27997,229979
27997,229980
27997,229981
27997,229982
27997,229983
27997,229984
27998,229985
27998,229986
27998,229987
27998,229988
27999,229989
27999,229990
27999,229991
27999,229992
28000,229993
28000,229994
28000,229995
28000,229996
28000,229997
28000,229998
28000,229999
28000,230000
28001,230001
28001,230002
28001,230003
28001,230004
28002,230005
28002,230006
28002,230007
28002,230008
28003,230009
28003,230010
28003,230011
28003,230012
28004,230013
28004,230014
28004,230015
28004,230016
28005,230017
28005,230018
28005,230019
28005,230020
28006,230021
28006,230022
28006,230023
28006,230024
28007,230025
28007,230026
28007,230027
28007,230028
28008,230029
28008,230030
28008,230031
28008,230032
28009,230033
28009,230034
28009,230035
28009,230036
28010,230037
28010,230038
28010,230039
28010,230040
28011,230041
28011,230042
28011,230043
28011,230044
28012,230045
28012,230046
28012,230047
28012,230048
28013,230049
28013,230050
28013,230051
28013,230052
28014,230053
28014,230054
28014,230055
28014,230056
28015,230057
28015,230058
28015,230059
28015,230060
28016,230061
28016,230062
28016,230063
28016,230064
28017,230065
28017,230066
28017,230067
28017,230068
28018,230069
28018,230070
28018,230071
28018,230072
28019,230073
28019,230074
28019,230075
28019,230076
28020,230077
28020,230078
28020,230079
28020,230080
28021,230081
28021,230082
28021,230083
28021,230084
28022,230085
28022,230086
28022,230087
28022,230088
28023,230089
28023,230090
28023,230091
28023,230092
28024,230093
28024,230094
28024,230095
28024,230096
28025,230097
28025,230098
28025,230099
28025,230100
28026,230101
28026,230102
28026,230103
28026,230104
28027,230105
28027,230106
28027,230107
28027,230108
28028,230109
28028,230110
28028,230111
28028,230112
28029,230113
28029,230114
28029,230115
28029,230116
28030,230117
28030,230118
28030,230119
28030,230120
28031,230121
28031,230122
28031,230123
28031,230124
28032,230125
28032,230126
28032,230127
28032,230128
28033,230129
28033,230130
28033,230131
28033,230132
28034,230133
28034,230134
28034,230135
28034,230136
28035,230137
28035,230138
28035,230139
28035,230140
28036,230141
28036,230142
28036,230143
28036,230144
28037,230145
28037,230146
28037,230147
28037,230148
28038,230149
28038,230150
28038,230151
28038,230152
28039,230153
28039,230154
28039,230155
28039,230156
28040,230157
28040,230158
28040,230159
28040,230160
28041,230161
28041,230162
28041,230163
28041,230164
28042,230165
28042,230166
28042,230167
28042,230168
28043,230169
28043,230170
28043,230171
28043,230172
28044,230173
28044,230174
28044,230175
28044,230176
28045,230177
28045,230178
28045,230179
28045,230180
28046,230181
28046,230182
28046,230183
28046,230184
28047,230185
28047,230186
28047,230187
28047,230188
28048,230189
28048,230190
28048,230191
28048,230192
28049,230193
28049,230194
28049,230195
28049,230196
28050,230197
28050,230198
28050,230199
28050,230200
28051,230201
28051,230202
28051,230203
28051,230204
28052,230205
28052,230206
28052,230207
28052,230208
28053,230209
28053,230210
28053,230211
28053,230212
28054,230213
28054,230214
28054,230215
28054,230216
28055,230217
28055,230218
28055,230219
28055,230220
28056,230221
28056,230222
28056,230223
28056,230224
28057,230225
28057,230226
28057,230227
28057,230228
28058,230229
28058,230230
28058,230231
28058,230232
28059,230233
28059,230234
28059,230235
28059,230236
28060,230237
28060,230238
28060,230239
28060,230240
28061,230241
28061,230242
28061,230243
28061,230244
28062,230245
28062,230246
28062,230247
28062,230248
28063,230249
28063,230250
28063,230251
28063,230252
28064,230253
28064,230254
28064,230255
28064,230256
28065,230257
28065,230258
28065,230259
28065,230260
28066,230261
28066,230262
28066,230263
28066,230264
28067,230265
28067,230266
28067,230267
28067,230268
28068,230269
28068,230270
28068,230271
28068,230272
28069,230273
28069,230274
28069,230275
28069,230276
28070,230277
28070,230278
28070,230279
28070,230280
28071,230281
28071,230282
28071,230283
28071,230284
28072,230285
28072,230286
28072,230287
28072,230288
28073,230289
28073,230290
28073,230291
28073,230292
28074,230293
28074,230294
28074,230295
28074,230296
28075,230297
28075,230298
28075,230299
28075,230300
28076,230301
28076,230302
28076,230303
28076,230304
28077,230305
28077,230306
28077,230307
28077,230308
28078,230309
28078,230310
28078,230311
28078,230312
28079,230313
28079,230314
28079,230315
28079,230316
28080,230317
28080,230318
28080,230319
28080,230320
28081,230321
28081,230322
28081,230323
28081,230324
28082,230325
28082,230326
28082,230327
28082,230328
28083,230329
28083,230330
28083,230331
28083,230332
28084,230333
28084,230334
28084,230335
28084,230336
28085,230337
28085,230338
28085,230339
28085,230340
28086,230341
28086,230342
28086,230343
28086,230344
28087,230345
28087,230346
28087,230347
28087,230348
28088,230349
28088,230350
28088,230351
28088,230352
28089,230353
28089,230354
28089,230355
28089,230356
28090,230357
28090,230358
28090,230359
28090,230360
28091,230361
28091,230362
28091,230363
28091,230364
28092,230365
28092,230366
28092,230367
28092,230368
28093,230369
28093,230370
28093,230371
28093,230372
28094,230373
28094,230374
28094,230375
28094,230376
28095,230377
28095,230378
28095,230379
28095,230380
28096,230381
28096,230382
28096,230383
28096,230384
28097,230385
28097,230386
28097,230387
28097,230388
28098,230389
28098,230390
28098,230391
28098,230392
28099,230393
28099,230394
28099,230395
28099,230396
28100,230397
28100,230398
28100,230399
28100,230400
28101,230401
28101,230402
28101,230403
28101,230404
28102,230405
28102,230406
28102,230407
28102,230408
28103,230409
28103,230410
28103,230411
28103,230412
28104,230413
28104,230414
28104,230415
28104,230416
28105,230417
28105,230418
28105,230419
28105,230420
28106,230421
28106,230422
28106,230423
28106,230424
28107,230425
28107,230426
28107,230427
28107,230428
28108,230429
28108,230430
28108,230431
28108,230432
28109,230433
28109,230434
28109,230435
28109,230436
28110,230437
28110,230438
28110,230439
28110,230440
28111,230441
28111,230442
28111,230443
28111,230444
28112,230445
28112,230446
28112,230447
28112,230448
28113,230449
28113,230450
28113,230451
28113,230452
28114,230453
28114,230454
28114,230455
28114,230456
28115,230457
28115,230458
28115,230459
28115,230460
28116,230461
28116,230462
28116,230463
28116,230464
28117,230465
28117,230466
28117,230467
28117,230468
28118,230469
28118,230470
28118,230471
28118,230472
28119,230473
28119,230474
28119,230475
28119,230476
28120,230477
28120,230478
28120,230479
28120,230480
28121,230481
28121,230482
28121,230483
28121,230484
28122,230485
28122,230486
28122,230487
28122,230488
28123,230489
28123,230490
28123,230491
28123,230492
28124,230493
28124,230494
28124,230495
28124,230496
28125,230497
28125,230498
28125,230499
28125,230500
28126,230501
28126,230502
28126,230503
28126,230504
28127,230505
28127,230506
28127,230507
28127,230508
28128,230509
28128,230510
28128,230511
28128,230512
28129,230513
28129,230514
28129,230515
28129,230516
28130,230517
28130,230518
28130,230519
28130,230520
28131,230521
28131,230522
28131,230523
28131,230524
28132,230525
28132,230526
28132,230527
28132,230528
28133,230529
28133,230530
28133,230531
28133,230532
28134,230533
28134,230534
28134,230535
28134,230536
28135,230537
28135,230538
28135,230539
28135,230540
28136,230541
28136,230542
28136,230543
28136,230544
28137,230545
28137,230546
28137,230547
28137,230548
28138,230549
28138,230550
28138,230551
28138,230552
28139,230553
28139,230554
28139,230555
28139,230556
28140,230557
28140,230558
28140,230559
28140,230560
28141,230561
28141,230562
28141,230563
28141,230564
28142,230565
28142,230566
28142,230567
28142,230568
28143,230569
28143,230570
28143,230571
28143,230572
28144,230573
28144,230574
28144,230575
28144,230576
28145,230577
28145,230578
28145,230579
28145,230580
28146,230581
28146,230582
28146,230583
28146,230584
28146,230585
28146,230586
28146,230587
28146,230588
28147,230589
28147,230590
28147,230591
28147,230592
28148,230593
28148,230594
28148,230595
28148,230596
28149,230597
28149,230598
28149,230599
28149,230600
28150,230601
28150,230602
28150,230603
28150,230604
28151,230605
28151,230606
28151,230607
28151,230608
28152,230609
28152,230610
28152,230611
28152,230612
28153,230613
28153,230614
28153,230615
28153,230616
28154,230617
28154,230618
28154,230619
28154,230620
28155,230621
28155,230622
28155,230623
28155,230624
28156,230625
28156,230626
28156,230627
28156,230628
28157,230629
28157,230630
28157,230631
28157,230632
28158,230633
28158,230634
28158,230635
28158,230636
28159,230637
28159,230638
28159,230639
28159,230640
28160,230641
28160,230642
28160,230643
28160,230644
28160,230645
28160,230646
28160,230647
28160,230648
28161,230649
28161,230650
28161,230651
28161,230652
28162,230653
28162,230654
28162,230655
28162,230656
28162,230657
28162,230658
28162,230659
28162,230660
28163,230661
28163,230662
28163,230663
28163,230664
28164,230665
28164,230666
28164,230667
28164,230668
28165,230669
28165,230670
28165,230671
28165,230672
28166,230673
28166,230674
28166,230675
28166,230676
28167,230677
28167,230678
28167,230679
28167,230680
28168,230681
28168,230682
28168,230683
28168,230684
28169,230685
28169,230686
28169,230687
28169,230688
28170,230689
28170,230690
28170,230691
28170,230692
28171,230693
28171,230694
28171,230695
28171,230696
28172,230697
28172,230698
28172,230699
28172,230700
28172,230701
28172,230702
28172,230703
28172,230704
28173,230705
28173,230706
28173,230707
28173,230708
28174,230709
28174,230710
28174,230711
28174,230712
28174,230713
28174,230714
28174,230715
28174,230716
28175,230717
28175,230718
28175,230719
28175,230720
28175,230721
28175,230722
28175,230723
28175,230724
28176,230725
28176,230726
28176,230727
28176,230728
28177,230729
28177,230730
28177,230731
28177,230732
28177,230733
28177,230734
28177,230735
28177,230736
28178,230737
28178,230738
28178,230739
28178,230740
28178,230741
28178,230742
28178,230743
28178,230744
28179,230745
28179,230746
28179,230747
28179,230748
28179,230749
28179,230750
28179,230751
28179,230752
28180,230753
28180,230754
28180,230755
28180,230756
28180,230757
28180,230758
28180,230759
28180,230760
28181,230761
28181,230762
28181,230763
28181,230764
28181,230765
28181,230766
28181,230767
28181,230768
28182,230769
28182,230770
28182,230771
28182,230772
28183,230773
28183,230774
28183,230775
28183,230776
28183,230777
28183,230778
28183,230779
28183,230780
28184,230781
28184,230782
28184,230783
28184,230784
28184,230785
28184,230786
28184,230787
28184,230788
28185,230789
28185,230790
28185,230791
28185,230792
28185,230793
28185,230794
28185,230795
28185,230796
28186,230797
28186,230798
28186,230799
28186,230800
28186,230801
28186,230802
28186,230803
28186,230804
28187,230805
28187,230806
28187,230807
28187,230808
28187,230809
28187,230810
28187,230811
28187,230812
28188,230813
28188,230814
28188,230815
28188,230816
28188,230817
28188,230818
28188,230819
28188,230820
28189,230821
28189,230822
28189,230823
28189,230824
28189,230825
28189,230826
28189,230827
28189,230828
28190,230829
28190,230830
28190,230831
28190,230832
28190,230833
28190,230834
28190,230835
28190,230836
28191,230837
28191,230838
28191,230839
28191,230840
28191,230841
28191,230842
28191,230843
28191,230844
28192,230845
28192,230846
28192,230847
28192,230848
28192,230849
28192,230850
28192,230851
28192,230852
28193,230853
28193,230854
28193,230855
28193,230856
28193,230857
28193,230858
28193,230859
28193,230860
28194,230861
28194,230862
28194,230863
28194,230864
28194,230865
28194,230866
28194,230867
28194,230868
28195,230869
28195,230870
28195,230871
28195,230872
28195,230873
28195,230874
28195,230875
28195,230876
28196,230877
28196,230878
28196,230879
28196,230880
28196,230881
28196,230882
28196,230883
28196,230884
28197,230885
28197,230886
28197,230887
28197,230888
28197,230889
28197,230890
28197,230891
28197,230892
28198,230893
28198,230894
28198,230895
28198,230896
28198,230897
28198,230898
28198,230899
28198,230900
28199,230901
28199,230902
28199,230903
28199,230904
28199,230905
28199,230906
28199,230907
28199,230908
28200,230909
28200,230910
28200,230911
28200,230912
28200,230913
28200,230914
28200,230915
28200,230916
28201,230917
28201,230918
28201,230919
28201,230920
28201,230921
28201,230922
28201,230923
28201,230924
28202,230925
28202,230926
28202,230927
28202,230928
28202,230929
28202,230930
28202,230931
28202,230932
28203,230933
28203,230934
28203,230935
28203,230936
28203,230937
28203,230938
28203,230939
28203,230940
28204,230941
28204,230942
28204,230943
28204,230944
28204,230945
28204,230946
28204,230947
28204,230948
28205,230949
28205,230950
28205,230951
28205,230952
28205,230953
28205,230954
28205,230955
28205,230956
28206,230957
28206,230958
28206,230959
28206,230960
28206,230961
28206,230962
28206,230963
28206,230964
28207,230965
28207,230966
28207,230967
28207,230968
28207,230969
28207,230970
28207,230971
28207,230972
28208,230973
28208,230974
28208,230975
28208,230976
28208,230977
28208,230978
28208,230979
28208,230980
28209,230981
28209,230982
28209,230983
28209,230984
28209,230985
28209,230986
28209,230987
28209,230988
28210,230989
28210,230990
28210,230991
28210,230992
28210,230993
28210,230994
28210,230995
28210,230996
28211,230997
28211,230998
28211,230999
28211,231000
28211,231001
28211,231002
28211,231003
28211,231004
28212,231005
28212,231006
28212,231007
28212,231008
28212,231009
28212,231010
28212,231011
28212,231012
28213,231013
28213,231014
28213,231015
28213,231016
28213,231017
28213,231018
28213,231019
28213,231020
28214,231021
28214,231022
28214,231023
28214,231024
28214,231025
28214,231026
28214,231027
28214,231028
28215,231029
28215,231030
28215,231031
28215,231032
28215,231033
28215,231034
28215,231035
28215,231036
28216,231037
28216,231038
28216,231039
28216,231040
28217,231041
28217,231042
28217,231043
28217,231044
28218,231045
28218,231046
28218,231047
28218,231048
28219,231049
28219,231050
28219,231051
28219,231052
28220,231053
28220,231054
28220,231055
28220,231056
28221,231057
28221,231058
28221,231059
28221,231060
28222,231061
28222,231062
28222,231063
28222,231064
28223,231065
28223,231066
28223,231067
28223,231068
28224,231069
28224,231070
28224,231071
28224,231072
28225,231073
28225,231074
28225,231075
28225,231076
28226,231077
28226,231078
28226,231079
28226,231080
28227,231081
28227,231082
28227,231083
28227,231084
28228,231085
28228,231086
28228,231087
28228,231088
28229,231089
28229,231090
28229,231091
28229,231092
28230,231093
28230,231094
28230,231095
28230,231096
28231,231097
28231,231098
28231,231099
28231,231100
28232,231101
28232,231102
28232,231103
28232,231104
28233,231105
28233,231106
28233,231107
28233,231108
28234,231109
28234,231110
28234,231111
28234,231112
28235,231113
28235,231114
28235,231115
28235,231116
28236,231117
28236,231118
28236,231119
28236,231120
28237,231121
28237,231122
28237,231123
28237,231124
28238,231125
28238,231126
28238,231127
28238,231128
28239,231129
28239,231130
28239,231131
28239,231132
28240,231133
28240,231134
28240,231135
28240,231136
28241,231137
28241,231138
28241,231139
28241,231140
28242,231141
28242,231142
28242,231143
28242,231144
28243,231145
28243,231146
28243,231147
28243,231148
28244,231149
28244,231150
28244,231151
28244,231152
28245,231153
28245,231154
28245,231155
28245,231156
28246,231157
28246,231158
28246,231159
28246,231160
28247,231161
28247,231162
28247,231163
28247,231164
28248,231165
28248,231166
28248,231167
28248,231168
28249,231169
28249,231170
28249,231171
28249,231172
28250,231173
28250,231174
28250,231175
28250,231176
28251,231177
28251,231178
28251,231179
28251,231180
28252,231181
28252,231182
28252,231183
28252,231184
28253,231185
28253,231186
28253,231187
28253,231188
28254,231189
28254,231190
28254,231191
28254,231192
28255,231193
28255,231194
28255,231195
28255,231196
28256,231197
28256,231198
28256,231199
28256,231200
28257,231201
28257,231202
28257,231203
28257,231204
28258,231205
28258,231206
28258,231207
28258,231208
28259,231209
28259,231210
28259,231211
28259,231212
28260,231213
28260,231214
28260,231215
28260,231216
28261,231217
28261,231218
28261,231219
28261,231220
28262,231221
28262,231222
28262,231223
28262,231224
28263,231225
28263,231226
28263,231227
28263,231228
28264,231229
28264,231230
28264,231231
28264,231232
28265,231233
28265,231234
28265,231235
28265,231236
28266,231237
28266,231238
28266,231239
28266,231240
28267,231241
28267,231242
28267,231243
28267,231244
28268,231245
28268,231246
28268,231247
28268,231248
28269,231249
28269,231250
28269,231251
28269,231252
28270,231253
28270,231254
28270,231255
28270,231256
28271,231257
28271,231258
28271,231259
28271,231260
28272,231261
28272,231262
28272,231263
28272,231264
28273,231265
28273,231266
28273,231267
28273,231268
28274,231269
28274,231270
28274,231271
28274,231272
28275,231273
28275,231274
28275,231275
28275,231276
28276,231277
28276,231278
28276,231279
28276,231280
28277,231281
28277,231282
28277,231283
28277,231284
28278,231285
28278,231286
28278,231287
28278,231288
28279,231289
28279,231290
28279,231291
28279,231292
28280,231293
28280,231294
28280,231295
28280,231296
28281,231297
28281,231298
28281,231299
28281,231300
28282,231301
28282,231302
28282,231303
28282,231304
28283,231305
28283,231306
28283,231307
28283,231308
28284,231309
28284,231310
28284,231311
28284,231312
28285,231313
28285,231314
28285,231315
28285,231316
28286,231317
28286,231318
28286,231319
28286,231320
28287,231321
28287,231322
28287,231323
28287,231324
28288,231325
28288,231326
28288,231327
28288,231328
28289,231329
28289,231330
28289,231331
28289,231332
28290,231333
28290,231334
28290,231335
28290,231336
28291,231337
28291,231338
28291,231339
28291,231340
28292,231341
28292,231342
28292,231343
28292,231344
28293,231345
28293,231346
28293,231347
28293,231348
28294,231349
28294,231350
28294,231351
28294,231352
28295,231353
28295,231354
28295,231355
28295,231356
28296,231357
28296,231358
28296,231359
28296,231360
28297,231361
28297,231362
28297,231363
28297,231364
28298,231365
28298,231366
28298,231367
28298,231368
28299,231369
28299,231370
28299,231371
28299,231372
28299,231373
28299,231374
28299,231375
28299,231376
28300,231377
28300,231378
28300,231379
28300,231380
28300,231381
28300,231382
28300,231383
28300,231384
28301,231385
28301,231386
28301,231387
28301,231388
28302,231389
28302,231390
28302,231391
28302,231392
28303,231393
28303,231394
28303,231395
28303,231396
28303,231397
28303,231398
28303,231399
28303,231400
28304,231401
28304,231402
28304,231403
28304,231404
28305,231405
28305,231406
28305,231407
28305,231408
28305,231409
28305,231410
28305,231411
28305,231412
28306,231413
28306,231414
28306,231415
28306,231416
28306,231417
28306,231418
28306,231419
28306,231420
28307,231421
28307,231422
28307,231423
28307,231424
28308,231425
28308,231426
28308,231427
28308,231428
28309,231429
28309,231430
28309,231431
28309,231432
28310,231433
28310,231434
28310,231435
28310,231436
28310,231437
28310,231438
28310,231439
28310,231440
28311,231441
28311,231442
28311,231443
28311,231444
28312,231445
28312,231446
28312,231447
28312,231448
28313,231449
28313,231450
28313,231451
28313,231452
28314,231453
28314,231454
28314,231455
28314,231456
28314,231457
28314,231458
28314,231459
28314,231460
28315,231461
28315,231462
28315,231463
28315,231464
28315,231465
28315,231466
28315,231467
28315,231468
28316,231469
28316,231470
28316,231471
28316,231472
28317,231473
28317,231474
28317,231475
28317,231476
28317,231477
28317,231478
28317,231479
28317,231480
28318,231481
28318,231482
28318,231483
28318,231484
28318,231485
28318,231486
28318,231487
28318,231488
28319,231489
28319,231490
28319,231491
28319,231492
28319,231493
28319,231494
28319,231495
28319,231496
28320,231497
28320,231498
28320,231499
28320,231500
28321,231501
28321,231502
28321,231503
28321,231504
28322,231505
28322,231506
28322,231507
28322,231508
28323,231509
28323,231510
28323,231511
28323,231512
28324,231513
28324,231514
28324,231515
28324,231516
28325,231517
28325,231518
28325,231519
28325,231520
28326,231521
28326,231522
28326,231523
28326,231524
28327,231525
28327,231526
28327,231527
28327,231528
28328,231529
28328,231530
28328,231531
28328,231532
28329,231533
28329,231534
28329,231535
28329,231536
28330,231537
28330,231538
28330,231539
28330,231540
28331,231541
28331,231542
28331,231543
28331,231544
28332,231545
28332,231546
28332,231547
28332,231548
28333,231549
28333,231550
28333,231551
28333,231552
28334,231553
28334,231554
28334,231555
28334,231556
28335,231557
28335,231558
28335,231559
28335,231560
28336,231561
28336,231562
28336,231563
28336,231564
28337,231565
28337,231566
28337,231567
28337,231568
28338,231569
28338,231570
28338,231571
28338,231572
28339,231573
28339,231574
28339,231575
28339,231576
28340,231577
28340,231578
28340,231579
28340,231580
28341,231581
28341,231582
28341,231583
28341,231584
28342,231585
28342,231586
28342,231587
28342,231588
28343,231589
28343,231590
28343,231591
28343,231592
28344,231593
28344,231594
28344,231595
28344,231596
28345,231597
28345,231598
28345,231599
28345,231600
28346,231601
28346,231602
28346,231603
28346,231604
28347,231605
28347,231606
28347,231607
28347,231608
28348,231609
28348,231610
28348,231611
28348,231612
28349,231613
28349,231614
28349,231615
28349,231616
28350,231617
28350,231618
28350,231619
28350,231620
28351,231621
28351,231622
28351,231623
28351,231624
28352,231625
28352,231626
28352,231627
28352,231628
28353,231629
28353,231630
28353,231631
28353,231632
28354,231633
28354,231634
28354,231635
28354,231636
28355,231637
28355,231638
28355,231639
28355,231640
28356,231641
28356,231642
28356,231643
28356,231644
28357,231645
28357,231646
28357,231647
28357,231648
28358,231649
28358,231650
28358,231651
28358,231652
28359,231653
28359,231654
28359,231655
28359,231656
28360,231657
28360,231658
28360,231659
28360,231660
28361,231661
28361,231662
28361,231663
28361,231664
28362,231665
28362,231666
28362,231667
28362,231668
28363,231669
28363,231670
28363,231671
28363,231672
28364,231673
28364,231674
28364,231675
28364,231676
28365,231677
28365,231678
28365,231679
28365,231680
28366,231681
28366,231682
28366,231683
28366,231684
28367,231685
28367,231686
28367,231687
28367,231688
28368,231689
28368,231690
28368,231691
28368,231692
28369,231693
28369,231694
28369,231695
28369,231696
28370,231697
28370,231698
28370,231699
28370,231700
28371,231701
28371,231702
28371,231703
28371,231704
28372,231705
28372,231706
28372,231707
28372,231708
28373,231709
28373,231710
28373,231711
28373,231712
28374,231713
28374,231714
28374,231715
28374,231716
28375,231717
28375,231718
28375,231719
28375,231720
28376,231721
28376,231722
28376,231723
28376,231724
28377,231725
28377,231726
28377,231727
28377,231728
28378,231729
28378,231730
28378,231731
28378,231732
28379,231733
28379,231734
28379,231735
28379,231736
28380,231737
28380,231738
28380,231739
28380,231740
28381,231741
28381,231742
28381,231743
28381,231744
28381,231745
28381,231746
28381,231747
28381,231748
28382,231749
28382,231750
28382,231751
28382,231752
28383,231753
28383,231754
28383,231755
28383,231756
28384,231757
28384,231758
28384,231759
28384,231760
28385,231761
28385,231762
28385,231763
28385,231764
28386,231765
28386,231766
28386,231767
28386,231768
28387,231769
28387,231770
28387,231771
28387,231772
28388,231773
28388,231774
28388,231775
28388,231776
28389,231777
28389,231778
28389,231779
28389,231780
28389,231781
28389,231782
28389,231783
28389,231784
28390,231785
28390,231786
28390,231787
28390,231788
28391,231789
28391,231790
28391,231791
28391,231792
28391,231793
28391,231794
28391,231795
28391,231796
28392,231797
28392,231798
28392,231799
28392,231800
28393,231801
28393,231802
28393,231803
28393,231804
28394,231805
28394,231806
28394,231807
28394,231808
28394,231809
28394,231810
28394,231811
28394,231812
28395,231813
28395,231814
28395,231815
28395,231816
28395,231817
28395,231818
28395,231819
28395,231820
28396,231821
28396,231822
28396,231823
28396,231824
28397,231825
28397,231826
28397,231827
28397,231828
28397,231829
28397,231830
28397,231831
28397,231832
28398,231833
28398,231834
28398,231835
28398,231836
28399,231837
28399,231838
28399,231839
28399,231840
28400,231841
28400,231842
28400,231843
28400,231844
28401,231845
28401,231846
28401,231847
28401,231848
28402,231849
28402,231850
28402,231851
28402,231852
28403,231853
28403,231854
28403,231855
28403,231856
28403,231857
28403,231858
28403,231859
28403,231860
28404,231861
28404,231862
28404,231863
28404,231864
28405,231865
28405,231866
28405,231867
28405,231868
28406,231869
28406,231870
28406,231871
28406,231872
28407,231873
28407,231874
28407,231875
28407,231876
28408,231877
28408,231878
28408,231879
28408,231880
28409,231881
28409,231882
28409,231883
28409,231884
28410,231885
28410,231886
28410,231887
28410,231888
28410,231889
28410,231890
28410,231891
28410,231892
28411,231893
28411,231894
28411,231895
28411,231896
28411,231897
28411,231898
28411,231899
28411,231900
28412,231901
28412,231902
28412,231903
28412,231904
28413,231905
28413,231906
28413,231907
28413,231908
28414,231909
28414,231910
28414,231911
28414,231912
28415,231913
28415,231914
28415,231915
28415,231916
28416,231917
28416,231918
28416,231919
28416,231920
28417,231921
28417,231922
28417,231923
28417,231924
28418,231925
28418,231926
28418,231927
28418,231928
28419,231929
28419,231930
28419,231931
28419,231932
28420,231933
28420,231934
28420,231935
28420,231936
28421,231937
28421,231938
28421,231939
28421,231940
28422,231941
28422,231942
28422,231943
28422,231944
28423,231945
28423,231946
28423,231947
28423,231948
28424,231949
28424,231950
28424,231951
28424,231952
28425,231953
28425,231954
28425,231955
28425,231956
28426,231957
28426,231958
28426,231959
28426,231960
28427,231961
28427,231962
28427,231963
28427,231964
28428,231965
28428,231966
28428,231967
28428,231968
28429,231969
28429,231970
28429,231971
28429,231972
28430,231973
28430,231974
28430,231975
28430,231976
28430,231977
28430,231978
28430,231979
28430,231980
28431,231981
28431,231982
28431,231983
28431,231984
28432,231985
28432,231986
28432,231987
28432,231988
28433,231989
28433,231990
28433,231991
28433,231992
28434,231993
28434,231994
28434,231995
28434,231996
28435,231997
28435,231998
28435,231999
28435,232000
28436,232001
28436,232002
28436,232003
28436,232004
28437,232005
28437,232006
28437,232007
28437,232008
28438,232009
28438,232010
28438,232011
28438,232012
28439,232013
28439,232014
28439,232015
28439,232016
28440,232017
28440,232018
28440,232019
28440,232020
28441,232021
28441,232022
28441,232023
28441,232024
28442,232025
28442,232026
28442,232027
28442,232028
28443,232029
28443,232030
28443,232031
28443,232032
28444,232033
28444,232034
28444,232035
28444,232036
28445,232037
28445,232038
28445,232039
28445,232040
28446,232041
28446,232042
28446,232043
28446,232044
28447,232045
28447,232046
28447,232047
28447,232048
28448,232049
28448,232050
28448,232051
28448,232052
28449,232053
28449,232054
28449,232055
28449,232056
28450,232057
28450,232058
28450,232059
28450,232060
28451,232061
28451,232062
28451,232063
28451,232064
28452,232065
28452,232066
28452,232067
28452,232068
28453,232069
28453,232070
28453,232071
28453,232072
28454,232073
28454,232074
28454,232075
28454,232076
28455,232077
28455,232078
28455,232079
28455,232080
28456,232081
28456,232082
28456,232083
28456,232084
28457,232085
28457,232086
28457,232087
28457,232088
28458,232089
28458,232090
28458,232091
28458,232092
28459,232093
28459,232094
28459,232095
28459,232096
28460,232097
28460,232098
28460,232099
28460,232100
28461,232101
28461,232102
28461,232103
28461,232104
28462,232105
28462,232106
28462,232107
28462,232108
28462,232109
28462,232110
28462,232111
28462,232112
28463,232113
28463,232114
28463,232115
28463,232116
28463,232117
28463,232118
28463,232119
28463,232120
28464,232121
28464,232122
28464,232123
28464,232124
28464,232125
28464,232126
28464,232127
28464,232128
28465,232129
28465,232130
28465,232131
28465,232132
28465,232133
28465,232134
28465,232135
28465,232136
28466,232137
28466,232138
28466,232139
28466,232140
28467,232141
28467,232142
28467,232143
28467,232144
28467,232145
28467,232146
28467,232147
28467,232148
28468,232149
28468,232150
28468,232151
28468,232152
28468,232153
28468,232154
28468,232155
28468,232156
28469,232157
28469,232158
28469,232159
28469,232160
28470,232161
28470,232162
28470,232163
28470,232164
28470,232165
28470,232166
28470,232167
28470,232168
28471,232169
28471,232170
28471,232171
28471,232172
28471,232173
28471,232174
28471,232175
28471,232176
28472,232177
28472,232178
28472,232179
28472,232180
28472,232181
28472,232182
28472,232183
28472,232184
28473,232185
28473,232186
28473,232187
28473,232188
28473,232189
28473,232190
28473,232191
28473,232192
28474,232193
28474,232194
28474,232195
28474,232196
28475,232197
28475,232198
28475,232199
28475,232200
28475,232201
28475,232202
28475,232203
28475,232204
28476,232205
28476,232206
28476,232207
28476,232208
28476,232209
28476,232210
28476,232211
28476,232212
28477,232213
28477,232214
28477,232215
28477,232216
28478,232217
28478,232218
28478,232219
28478,232220
28478,232221
28478,232222
28478,232223
28478,232224
28479,232225
28479,232226
28479,232227
28479,232228
28479,232229
28479,232230
28479,232231
28479,232232
28480,232233
28480,232234
28480,232235
28480,232236
28480,232237
28480,232238
28480,232239
28480,232240
28481,232241
28481,232242
28481,232243
28481,232244
28481,232245
28481,232246
28481,232247
28481,232248
28482,232249
28482,232250
28482,232251
28482,232252
28483,232253
28483,232254
28483,232255
28483,232256
28483,232257
28483,232258
28483,232259
28483,232260
28484,232261
28484,232262
28484,232263
28484,232264
28484,232265
28484,232266
28484,232267
28484,232268
28485,232269
28485,232270
28485,232271
28485,232272
28486,232273
28486,232274
28486,232275
28486,232276
28486,232277
28486,232278
28486,232279
28486,232280
28487,232281
28487,232282
28487,232283
28487,232284
28487,232285
28487,232286
28487,232287
28487,232288
28488,232289
28488,232290
28488,232291
28488,232292
28488,232293
28488,232294
28488,232295
28488,232296
28489,232297
28489,232298
28489,232299
28489,232300
28489,232301
28489,232302
28489,232303
28489,232304
28490,232305
28490,232306
28490,232307
28490,232308
28491,232309
28491,232310
28491,232311
28491,232312
28491,232313
28491,232314
28491,232315
28491,232316
28492,232317
28492,232318
28492,232319
28492,232320
28492,232321
28492,232322
28492,232323
28492,232324
28493,232325
28493,232326
28493,232327
28493,232328
28493,232329
28493,232330
28493,232331
28493,232332
28494,232333
28494,232334
28494,232335
28494,232336
28494,232337
28494,232338
28494,232339
28494,232340
28495,232341
28495,232342
28495,232343
28495,232344
28496,232345
28496,232346
28496,232347
28496,232348
28497,232349
28497,232350
28497,232351
28497,232352
28498,232353
28498,232354
28498,232355
28498,232356
28499,232357
28499,232358
28499,232359
28499,232360
28500,232361
28500,232362
28500,232363
28500,232364
28501,232365
28501,232366
28501,232367
28501,232368
28502,232369
28502,232370
28502,232371
28502,232372
28503,232373
28503,232374
28503,232375
28503,232376
28504,232377
28504,232378
28504,232379
28504,232380
28505,232381
28505,232382
28505,232383
28505,232384
28506,232385
28506,232386
28506,232387
28506,232388
28507,232389
28507,232390
28507,232391
28507,232392
28508,232393
28508,232394
28508,232395
28508,232396
28509,232397
28509,232398
28509,232399
28509,232400
28510,232401
28510,232402
28510,232403
28510,232404
28511,232405
28511,232406
28511,232407
28511,232408
28512,232409
28512,232410
28512,232411
28512,232412
28513,232413
28513,232414
28513,232415
28513,232416
28514,232417
28514,232418
28514,232419
28514,232420
28515,232421
28515,232422
28515,232423
28515,232424
28516,232425
28516,232426
28516,232427
28516,232428
28517,232429
28517,232430
28517,232431
28517,232432
28517,232433
28517,232434
28517,232435
28517,232436
28518,232437
28518,232438
28518,232439
28518,232440
28519,232441
28519,232442
28519,232443
28519,232444
28519,232445
28519,232446
28519,232447
28519,232448
28520,232449
28520,232450
28520,232451
28520,232452
28521,232453
28521,232454
28521,232455
28521,232456
28522,232457
28522,232458
28522,232459
28522,232460
28523,232461
28523,232462
28523,232463
28523,232464
28523,232465
28523,232466
28523,232467
28523,232468
28524,232469
28524,232470
28524,232471
28524,232472
28525,232473
28525,232474
28525,232475
28525,232476
28526,232477
28526,232478
28526,232479
28526,232480
28527,232481
28527,232482
28527,232483
28527,232484
28528,232485
28528,232486
28528,232487
28528,232488
28529,232489
28529,232490
28529,232491
28529,232492
28530,232493
28530,232494
28530,232495
28530,232496
28531,232497
28531,232498
28531,232499
28531,232500
28532,232501
28532,232502
28532,232503
28532,232504
28533,232505
28533,232506
28533,232507
28533,232508
28534,232509
28534,232510
28534,232511
28534,232512
28535,232513
28535,232514
28535,232515
28535,232516
28536,232517
28536,232518
28536,232519
28536,232520
28537,232521
28537,232522
28537,232523
28537,232524
28538,232525
28538,232526
28538,232527
28538,232528
28539,232529
28539,232530
28539,232531
28539,232532
28540,232533
28540,232534
28540,232535
28540,232536
28541,232537
28541,232538
28541,232539
28541,232540
28542,232541
28542,232542
28542,232543
28542,232544
28542,232545
28542,232546
28542,232547
28542,232548
28543,232549
28543,232550
28543,232551
28543,232552
28543,232553
28543,232554
28543,232555
28543,232556
28544,232557
28544,232558
28544,232559
28544,232560
28544,232561
28544,232562
28544,232563
28544,232564
28545,232565
28545,232566
28545,232567
28545,232568
28545,232569
28545,232570
28545,232571
28545,232572
28546,232573
28546,232574
28546,232575
28546,232576
28546,232577
28546,232578
28546,232579
28546,232580
28547,232581
28547,232582
28547,232583
28547,232584
28547,232585
28547,232586
28547,232587
28547,232588
28548,232589
28548,232590
28548,232591
28548,232592
28549,232593
28549,232594
28549,232595
28549,232596
28550,232597
28550,232598
28550,232599
28550,232600
28551,232601
28551,232602
28551,232603
28551,232604
28552,232605
28552,232606
28552,232607
28552,232608
28553,232609
28553,232610
28553,232611
28553,232612
28554,232613
28554,232614
28554,232615
28554,232616
28555,232617
28555,232618
28555,232619
28555,232620
28556,232621
28556,232622
28556,232623
28556,232624
28557,232625
28557,232626
28557,232627
28557,232628
28558,232629
28558,232630
28558,232631
28558,232632
28559,232633
28559,232634
28559,232635
28559,232636
28560,232637
28560,232638
28560,232639
28560,232640
28561,232641
28561,232642
28561,232643
28561,232644
28562,232645
28562,232646
28562,232647
28562,232648
28563,232649
28563,232650
28563,232651
28563,232652
28564,232653
28564,232654
28564,232655
28564,232656
28565,232657
28565,232658
28565,232659
28565,232660
28566,232661
28566,232662
28566,232663
28566,232664
28567,232665
28567,232666
28567,232667
28567,232668
28568,232669
28568,232670
28568,232671
28568,232672
28569,232673
28569,232674
28569,232675
28569,232676
28570,232677
28570,232678
28570,232679
28570,232680
28571,232681
28571,232682
28571,232683
28571,232684
28572,232685
28572,232686
28572,232687
28572,232688
28573,232689
28573,232690
28573,232691
28573,232692
28574,232693
28574,232694
28574,232695
28574,232696
28575,232697
28575,232698
28575,232699
28575,232700
28576,232701
28576,232702
28576,232703
28576,232704
28577,232705
28577,232706
28577,232707
28577,232708
28578,232709
28578,232710
28578,232711
28578,232712
28579,232713
28579,232714
28579,232715
28579,232716
28580,232717
28580,232718
28580,232719
28580,232720
28581,232721
28581,232722
28581,232723
28581,232724
28581,232725
28581,232726
28581,232727
28581,232728
28582,232729
28582,232730
28582,232731
28582,232732
28583,232733
28583,232734
28583,232735
28583,232736
28584,232737
28584,232738
28584,232739
28584,232740
28585,232741
28585,232742
28585,232743
28585,232744
28586,232745
28586,232746
28586,232747
28586,232748
28587,232749
28587,232750
28587,232751
28587,232752
28588,232753
28588,232754
28588,232755
28588,232756
28589,232757
28589,232758
28589,232759
28589,232760
28590,232761
28590,232762
28590,232763
28590,232764
28591,232765
28591,232766
28591,232767
28591,232768
28592,232769
28592,232770
28592,232771
28592,232772
28593,232773
28593,232774
28593,232775
28593,232776
28594,232777
28594,232778
28594,232779
28594,232780
28595,232781
28595,232782
28595,232783
28595,232784
28596,232785
28596,232786
28596,232787
28596,232788
28597,232789
28597,232790
28597,232791
28597,232792
28598,232793
28598,232794
28598,232795
28598,232796
28599,232797
28599,232798
28599,232799
28599,232800
28600,232801
28600,232802
28600,232803
28600,232804
28600,232805
28600,232806
28600,232807
28600,232808
28601,232809
28601,232810
28601,232811
28601,232812
28602,232813
28602,232814
28602,232815
28602,232816
28603,232817
28603,232818
28603,232819
28603,232820
28604,232821
28604,232822
28604,232823
28604,232824
28605,232825
28605,232826
28605,232827
28605,232828
28605,232829
28605,232830
28605,232831
28605,232832
28606,232833
28606,232834
28606,232835
28606,232836
28607,232837
28607,232838
28607,232839
28607,232840
28608,232841
28608,232842
28608,232843
28608,232844
28609,232845
28609,232846
28609,232847
28609,232848
28609,232849
28609,232850
28609,232851
28609,232852
28610,232853
28610,232854
28610,232855
28610,232856
28611,232857
28611,232858
28611,232859
28611,232860
28611,232861
28611,232862
28611,232863
28611,232864
28612,232865
28612,232866
28612,232867
28612,232868
28613,232869
28613,232870
28613,232871
28613,232872
28613,232873
28613,232874
28613,232875
28613,232876
28614,232877
28614,232878
28614,232879
28614,232880
28615,232881
28615,232882
28615,232883
28615,232884
28616,232885
28616,232886
28616,232887
28616,232888
28617,232889
28617,232890
28617,232891
28617,232892
28617,232893
28617,232894
28617,232895
28617,232896
28618,232897
28618,232898
28618,232899
28618,232900
28618,232901
28618,232902
28618,232903
28618,232904
28619,232905
28619,232906
28619,232907
28619,232908
28619,232909
28619,232910
28619,232911
28619,232912
28620,232913
28620,232914
28620,232915
28620,232916
28621,232917
28621,232918
28621,232919
28621,232920
28621,232921
28621,232922
28621,232923
28621,232924
28622,232925
28622,232926
28622,232927
28622,232928
28623,232929
28623,232930
28623,232931
28623,232932
28623,232933
28623,232934
28623,232935
28623,232936
28624,232937
28624,232938
28624,232939
28624,232940
28625,232941
28625,232942
28625,232943
28625,232944
28625,232945
28625,232946
28625,232947
28625,232948
28626,232949
28626,232950
28626,232951
28626,232952
28626,232953
28626,232954
28626,232955
28626,232956
28627,232957
28627,232958
28627,232959
28627,232960
28627,232961
28627,232962
28627,232963
28627,232964
28628,232965
28628,232966
28628,232967
28628,232968
28628,232969
28628,232970
28628,232971
28628,232972
28629,232973
28629,232974
28629,232975
28629,232976
28629,232977
28629,232978
28629,232979
28629,232980
28630,232981
28630,232982
28630,232983
28630,232984
28631,232985
28631,232986
28631,232987
28631,232988
28631,232989
28631,232990
28631,232991
28631,232992
28632,232993
28632,232994
28632,232995
28632,232996
28632,232997
28632,232998
28632,232999
28632,233000
28633,233001
28633,233002
28633,233003
28633,233004
28634,233005
28634,233006
28634,233007
28634,233008
28635,233009
28635,233010
28635,233011
28635,233012
28635,233013
28635,233014
28635,233015
28635,233016
28636,233017
28636,233018
28636,233019
28636,233020
28637,233021
28637,233022
28637,233023
28637,233024
28638,233025
28638,233026
28638,233027
28638,233028
28639,233029
28639,233030
28639,233031
28639,233032
28640,233033
28640,233034
28640,233035
28640,233036
28641,233037
28641,233038
28641,233039
28641,233040
28642,233041
28642,233042
28642,233043
28642,233044
28643,233045
28643,233046
28643,233047
28643,233048
28644,233049
28644,233050
28644,233051
28644,233052
28644,233053
28644,233054
28644,233055
28644,233056
28645,233057
28645,233058
28645,233059
28645,233060
28646,233061
28646,233062
28646,233063
28646,233064
28647,233065
28647,233066
28647,233067
28647,233068
28648,233069
28648,233070
28648,233071
28648,233072
28649,233073
28649,233074
28649,233075
28649,233076
28650,233077
28650,233078
28650,233079
28650,233080
28651,233081
28651,233082
28651,233083
28651,233084
28652,233085
28652,233086
28652,233087
28652,233088